LATITUDE,LONGITUDE,"LATITUDE, LONGITUDE",CITY,STATE,CONGRESSIONAL DISTRICT,MEDIAN AGE,MALE MEDIAN AGE,FEMALE MEDIAN AGE,MALE COUNT,MALE COUNT %,FEMALE COUNT,FEMALE COUNT %,TOTAL POPULATION COUNT,TOTAL NON HISPANIC COUNT,TOTAL NON HISPANIC COUNT %,WHITE POP. COUNT,WHITE POP. COUNT %,BLACK POP. COUNT,BLACK POP. COUNT %,AMERICAN INDIAN/ALASKAN NAT. POP. COUNT,AMERICAN INDIAN/ALASKAN NAT. POP. COUNT %,ASIAN POP. COUNT,ASIAN POP. COUNT %,NAT. HAWAIIAN/PAC. ISL. POP. COUNT,NAT. HAWAIIAN/PAC. ISL. POP. COUNT %,WHITE OTHER POP. COUNT,WHITE OTHER POP. COUNT %,HISPANIC/LATINO POP. COUNT,HISPANIC/LATINO POP. COUNT %,WHITE OTHER POP. COUNT MEMO1,WHITE OTHER POP. COUNT MEMO2,WHITE OTHER POP. COUNT MEMO3,WHITE OTHER POP. COUNT MEMO4,WHITE OTHER POP. COUNT MEMO5,WHITE OTHER POP. COUNT MEMO6,WHITE OTHER POP. COUNT MEMO7,WHITE OTHER POP. COUNT MEMO8
36.181,-115.134,"(36.181, -115.134)",Las Vegas,NV,NV1,53.3,54.5,45.0,1166.0,.7,487.0,0.295,1653.0,1504.0,0.91,747.0,0.49700000000000005,580.0,0.386,28.0,0.019,71.0,0.047,37.0,0.025,41.0,0.027000000000000003,149.0,0.1,0.0,0.0,41.0,0.027000000000000003,0.0,0.0,41.0,1.0
28.538,-81.379,"(28.538, -81.379)",Orlando,FL,FL10,34.2,34.0,36.4,1617.0,.5,1644.0,0.504,3261.0,2645.0,0.8109999999999999,2084.0,0.7879999999999999,160.0,0.06,0.0,0.0,275.0,0.10400000000000001,0.0,0.0,149.0,0.258,616.0,0.2,17.0,0.006,109.0,0.040999999999999995,23.0,0.21100000000000002,86.0,0.789
38.744,-90.305,"(38.744, -90.305)",Saint Louis,MO,MO1,31.1,35.1,24.7,787.0,.5,949.0,0.547,1736.0,1687.0,0.972,432.0,0.256,963.0,0.5710000000000001,6.0,0.004,84.0,0.05,0.0,0.0,202.0,0.12,49.0,0.0,128.0,0.076,74.0,0.044000000000000004,0.0,0.0,74.0,1.0
38.845,-76.875,"(38.845, -76.875)",District Heights,MD,MD4,36.1,34.4,40.3,748.0,.5,722.0,0.491,1470.0,1423.0,0.968,61.0,0.043,1262.0,0.887,0.0,0.0,62.0,0.044000000000000004,0.0,0.0,76.0,1.027,47.0,0.0,0.0,0.0,38.0,0.027000000000000003,38.0,1.0,0.0,0.0
36.766,-78.928,"(36.766, -78.928)",Halifax,VA,VA5,51.8,51.5,52.5,416.0,.5,434.0,0.511,850.0,694.0,0.816,435.0,0.627,259.0,0.373,0.0,0.0,0.0,0.0,0.0,0.0,0.0,0.0,156.0,0.2,0.0,0.0,0.0,0.0,0.0,0.0,0.0,0.0
39.29,-76.612,"(39.29, -76.612)",Baltimore,MD,MD7,27.9,28.5,27.7,1263.0,.6,883.0,0.41100000000000003,2146.0,2011.0,0.937,1389.0,0.691,96.0,0.048,0.0,0.0,360.0,0.179,58.0,0.028999999999999998,108.0,0.054000000000000006,135.0,0.1,108.0,0.054000000000000006,0.0,0.0,0.0,0.0,0.0,0.0
41.878,-87.63,"(41.878, -87.63)",Chicago,IL,IL7,28.4,29.4,26.7,2429.0,.5,2032.0,0.456,4461.0,3984.0,0.893,2506.0,0.629,435.0,0.109,0.0,0.0,971.0,0.244,0.0,0.0,72.0,0.018000000000000002,477.0,0.1,0.0,0.0,72.0,0.018000000000000002,0.0,0.0,72.0,1.0
29.786,-95.824,"(29.786, -95.824)",Katy,TX,TX22,33.7,35.1,33.3,27052.0,.5,28355.0,0.512,55407.0,42621.0,0.769,23209.0,0.545,4543.0,0.107,875.0,0.021,12946.0,0.304,0.0,0.0,1238.0,0.248,12786.0,0.2,197.0,0.005,851.0,0.02,190.0,0.223,661.0,0.777
34.162,-86.476,"(34.162, -86.476)",Blountsville,AL,AL6,41.3,22.5,45.7,460.0,.5,402.0,0.466,862.0,735.0,0.853,724.0,0.985,0.0,0.0,0.0,0.0,11.0,0.015,0.0,0.0,0.0,0.0,127.0,0.1,0.0,0.0,0.0,0.0,0.0,0.0,0.0,0.0
33.77,-118.194,"(33.77, -118.194)",Long Beach,CA,CA47,32.8,32.4,33.6,773.0,.6,609.0,0.441,1382.0,1073.0,0.7759999999999999,727.0,0.6779999999999999,83.0,0.077,0.0,0.0,138.0,0.129,0.0,0.0,125.0,0.11599999999999999,309.0,0.2,0.0,0.0,125.0,0.11599999999999999,0.0,0.0,125.0,1.0
35.085,-106.606,"(35.085, -106.606)",Albuquerque,NM,NM1,43.7,48.0,39.4,367.0,.5,362.0,0.49700000000000005,729.0,710.0,0.9740000000000001,678.0,0.955,0.0,0.0,0.0,0.0,14.0,0.02,0.0,0.0,18.0,0.025,19.0,0.0,0.0,0.0,18.0,0.025,0.0,0.0,18.0,1.0
35.15,-90.049,"(35.15, -90.049)",Memphis,TN,TN9,34.7,33.0,36.5,584.0,.5,525.0,0.473,1109.0,1109.0,1.0,765.0,0.69,230.0,0.207,9.0,0.008,71.0,0.064,0.0,0.0,34.0,0.031,0.0,0.0,0.0,0.0,34.0,0.031,0.0,0.0,34.0,1.0
41.878,-87.63,"(41.878, -87.63)",Chicago,IL,IL7,28.4,29.4,26.7,2429.0,.5,2032.0,0.456,4461.0,3984.0,0.893,2506.0,0.629,435.0,0.109,0.0,0.0,971.0,0.244,0.0,0.0,72.0,0.018000000000000002,477.0,0.1,0.0,0.0,72.0,0.018000000000000002,0.0,0.0,72.0,1.0
35.085,-106.606,"(35.085, -106.606)",Albuquerque,NM,NM1,43.7,48.0,39.4,367.0,.5,362.0,0.49700000000000005,729.0,710.0,0.9740000000000001,678.0,0.955,0.0,0.0,0.0,0.0,14.0,0.02,0.0,0.0,18.0,0.025,19.0,0.0,0.0,0.0,18.0,0.025,0.0,0.0,18.0,1.0
37.541,-77.436,"(37.541, -77.436)",Richmond,VA,VA4,29.2,31.1,28.1,1280.0,.6,953.0,0.42700000000000005,2233.0,2101.0,0.941,1298.0,0.618,427.0,0.203,49.0,0.023,193.0,0.092,0.0,0.0,134.0,0.064,132.0,0.1,0.0,0.0,134.0,0.064,0.0,0.0,134.0,1.0
36.099,-78.301,"(36.099, -78.301)",Louisburg,NC,NC2,28.2,20.8,50.2,1373.0,.5,1137.0,0.45299999999999996,2510.0,2424.0,0.966,1420.0,0.586,1004.0,0.414,0.0,0.0,0.0,0.0,0.0,0.0,0.0,0.0,86.0,0.0,0.0,0.0,0.0,0.0,0.0,0.0,0.0,0.0
35.242,-87.335,"(35.242, -87.335)",Lawrenceburg,TN,TN7,32.1,27.6,41.5,1168.0,.6,954.0,0.45,2122.0,1999.0,0.9420000000000001,1727.0,0.8640000000000001,234.0,0.11699999999999999,0.0,0.0,0.0,0.0,0.0,0.0,38.0,0.019000000000000003,123.0,0.1,26.0,0.013000000000000001,12.0,0.006,0.0,0.0,12.0,1.0
34.759,-86.602,"(34.759, -86.602)",Huntsville,AL,AL5,36.9,27.8,44.1,830.0,.5,798.0,0.49,1628.0,1605.0,0.986,262.0,0.163,1321.0,0.823,0.0,0.0,22.0,0.013999999999999999,0.0,0.0,0.0,0.0,23.0,0.0,0.0,0.0,0.0,0.0,0.0,0.0,0.0,0.0
33.636,-96.609,"(33.636, -96.609)",Sherman,TX,TX4,27.7,30.2,27.3,535.0,.5,539.0,0.502,1074.0,808.0,0.752,639.0,0.7909999999999999,106.0,0.131,13.0,0.016,12.0,0.015,0.0,0.0,38.0,0.047,266.0,0.2,0.0,0.0,38.0,0.047,0.0,0.0,38.0,1.0
38.253,-85.758,"(38.253, -85.758)",Louisville,KY,KY3,36.8,36.4,37.5,1898.0,.7,938.0,0.331,2836.0,2797.0,0.986,1466.0,0.524,1266.0,0.45299999999999996,0.0,0.0,10.0,0.004,0.0,0.0,55.0,0.02,39.0,0.0,0.0,0.0,55.0,0.02,0.0,0.0,55.0,1.0
26.128,-80.233,"(26.128, -80.233)",Plantation,FL,FL23,43.0,44.5,25.9,424.0,.5,495.0,0.539,919.0,728.0,0.792,443.0,0.609,285.0,0.391,0.0,0.0,0.0,0.0,0.0,0.0,0.0,0.0,191.0,0.2,0.0,0.0,0.0,0.0,0.0,0.0,0.0,0.0
32.544,-86.212,"(32.544, -86.212)",Wetumpka,AL,AL2,46.6,24.0,46.8,941.0,.4,1190.0,0.5579999999999999,2131.0,2081.0,0.977,759.0,0.365,1322.0,0.635,0.0,0.0,0.0,0.0,0.0,0.0,0.0,0.0,50.0,0.0,0.0,0.0,0.0,0.0,0.0,0.0,0.0,0.0
33.749,-84.388,"(33.749, -84.388)",Atlanta,GA,GA5,29.8,41.3,22.2,404.0,.5,370.0,0.478,774.0,740.0,0.956,341.0,0.461,344.0,0.465,9.0,0.012,12.0,0.016,0.0,0.0,34.0,0.046,34.0,0.0,0.0,0.0,34.0,0.046,0.0,0.0,34.0,1.0
26.641,-81.872,"(26.641, -81.872)",Fort Myers,FL,FL19,50.1,41.7,50.7,339.0,.4,422.0,0.555,761.0,644.0,0.846,297.0,0.461,340.0,0.528,0.0,0.0,0.0,0.0,0.0,0.0,7.0,0.011000000000000001,117.0,0.2,0.0,0.0,7.0,0.011000000000000001,0.0,0.0,7.0,1.0
34.111,-82.867,"(34.111, -82.867)",High Shoals,GA,GA9,35.7,35.4,36.2,383.0,.4,473.0,0.5529999999999999,856.0,804.0,0.9390000000000001,700.0,0.871,69.0,0.086,0.0,0.0,0.0,0.0,0.0,0.0,35.0,0.043000000000000003,52.0,0.1,26.0,0.032,9.0,0.011000000000000001,0.0,0.0,9.0,1.0
40.217,-74.743,"(40.217, -74.743)",Trenton,NJ,NJ12,24.8,23.3,30.8,1090.0,.6,685.0,0.386,1775.0,402.0,0.226,148.0,0.368,254.0,0.632,0.0,0.0,0.0,0.0,0.0,0.0,0.0,0.0,1373.0,0.8,0.0,0.0,0.0,0.0,0.0,0.0,0.0,0.0
42.331,-83.046,"(42.331, -83.046)",Detroit,MI,MI14,32.6,36.1,30.6,429.0,.5,419.0,0.494,848.0,799.0,0.9420000000000001,377.0,0.47200000000000003,271.0,0.33899999999999997,0.0,0.0,135.0,0.16899999999999998,0.0,0.0,16.0,0.02,49.0,0.1,0.0,0.0,16.0,0.02,0.0,0.0,16.0,1.0
40.441,-79.996,"(40.441, -79.996)",Pittsburgh,PA,PA18,0.0,0.0,0.0,14.0,.0,0.0,0.0,14.0,14.0,1.0,14.0,1.0,0.0,0.0,0.0,0.0,0.0,0.0,0.0,0.0,0.0,0.0,0.0,0.0,0.0,0.0,0.0,0.0,0.0,0.0,0.0,0.0
40.442,-79.882,"(40.442, -79.882)",Pittsburgh,PA,PA18,60.6,57.8,61.9,88.0,.3,193.0,0.687,281.0,281.0,1.0,43.0,0.153,231.0,0.8220000000000001,0.0,0.0,0.0,0.0,0.0,0.0,7.0,0.025,0.0,0.0,0.0,0.0,7.0,0.025,0.0,0.0,7.0,1.0
39.114,-94.627,"(39.114, -94.627)",Kansas City,KS,KS3,50.5,50.9,49.5,430.0,.5,486.0,0.531,916.0,812.0,0.8859999999999999,239.0,0.294,546.0,0.672,0.0,0.0,12.0,0.015,0.0,0.0,15.0,0.018000000000000002,104.0,0.1,0.0,0.0,15.0,0.018000000000000002,0.0,0.0,15.0,1.0
30.224,-92.02,"(30.224, -92.02)",Lafayette,LA,LA3,32.4,31.9,34.1,837.0,.6,569.0,0.405,1406.0,1406.0,1.0,908.0,0.6459999999999999,454.0,0.32299999999999995,0.0,0.0,28.0,0.02,0.0,0.0,16.0,0.011000000000000001,0.0,0.0,0.0,0.0,16.0,0.011000000000000001,0.0,0.0,16.0,1.0
39.114,-94.627,"(39.114, -94.627)",Kansas City,KS,KS3,50.5,50.9,49.5,430.0,.5,486.0,0.531,916.0,812.0,0.8859999999999999,239.0,0.294,546.0,0.672,0.0,0.0,12.0,0.015,0.0,0.0,15.0,0.018000000000000002,104.0,0.1,0.0,0.0,15.0,0.018000000000000002,0.0,0.0,15.0,1.0
42.392,-71.033,"(42.392, -71.033)",Chelsea,MA,MA7,26.4,26.6,25.8,738.0,.5,700.0,0.48700000000000004,1438.0,61.0,0.042,46.0,0.754,11.0,0.18,0.0,0.0,4.0,0.066,0.0,0.0,0.0,0.0,1377.0,1.0,0.0,0.0,0.0,0.0,0.0,0.0,0.0,0.0
34.023,-84.362,"(34.023, -84.362)",Roswell,GA,GA6,32.8,21.6,43.9,962.0,.5,1050.0,0.522,2012.0,1512.0,0.7509999999999999,1010.0,0.6679999999999999,502.0,0.332,0.0,0.0,0.0,0.0,0.0,0.0,0.0,0.0,500.0,0.2,0.0,0.0,0.0,0.0,0.0,0.0,0.0,0.0
37.687,-97.33,"(37.687, -97.33)",Wichita,KS,KS4,42.3,35.3,42.8,602.0,.7,241.0,0.28600000000000003,843.0,790.0,0.937,693.0,0.877,90.0,0.114,0.0,0.0,7.0,0.009000000000000001,0.0,0.0,0.0,0.0,53.0,0.1,0.0,0.0,0.0,0.0,0.0,0.0,0.0,0.0
42.331,-83.046,"(42.331, -83.046)",Detroit,MI,MI14,32.6,36.1,30.6,429.0,.5,419.0,0.494,848.0,799.0,0.9420000000000001,377.0,0.47200000000000003,271.0,0.33899999999999997,0.0,0.0,135.0,0.16899999999999998,0.0,0.0,16.0,0.02,49.0,0.1,0.0,0.0,16.0,0.02,0.0,0.0,16.0,1.0
33.997,-117.485,"(33.997, -117.485)",Jurupa Valley,CA,CA41,43.3,39.4,46.1,897.0,.5,787.0,0.467,1684.0,594.0,0.353,514.0,0.865,67.0,0.113,0.0,0.0,0.0,0.0,0.0,0.0,13.0,0.022000000000000002,1090.0,0.6,0.0,0.0,13.0,0.022000000000000002,0.0,0.0,13.0,1.0
38.67,-77.352,"(38.67, -77.352)",Woodbridge,VA,VA11,32.3,32.1,33.4,1540.0,.6,1052.0,0.406,2592.0,1378.0,0.532,572.0,0.415,435.0,0.316,0.0,0.0,142.0,0.10300000000000001,229.0,0.166,0.0,0.0,1214.0,0.5,0.0,0.0,0.0,0.0,0.0,0.0,0.0,0.0
47.503,-122.931,"(47.503, -122.931)",Belfair,WA,WA6,38.0,37.4,48.2,803.0,.6,637.0,0.442,1440.0,1173.0,0.815,1137.0,0.9690000000000001,0.0,0.0,0.0,0.0,18.0,0.015,0.0,0.0,18.0,0.015,267.0,0.2,0.0,0.0,18.0,0.015,0.0,0.0,18.0,1.0
38.137,-97.427,"(38.137, -97.427)",Hesston,KS,KS4,40.7,40.1,41.3,1328.0,.5,1208.0,0.47600000000000003,2536.0,2536.0,1.0,2505.0,0.988,14.0,0.006,17.0,0.006999999999999999,0.0,0.0,0.0,0.0,0.0,0.0,0.0,0.0,0.0,0.0,0.0,0.0,0.0,0.0,0.0,0.0
47.451,-122.827,"(47.451, -122.827)",Belfair,WA,WA6,34.1,27.3,35.6,1043.0,.5,1224.0,0.54,2267.0,1623.0,0.716,1310.0,0.807,71.0,0.044000000000000004,27.0,0.017,132.0,0.081,0.0,0.0,83.0,0.051,644.0,0.3,0.0,0.0,83.0,0.051,0.0,0.0,83.0,1.0
33.448,-112.074,"(33.448, -112.074)",Phoenix,AZ,AZ7,34.5,34.7,33.5,1500.0,.8,295.0,0.16399999999999998,1795.0,1326.0,0.7390000000000001,1017.0,0.767,238.0,0.179,42.0,0.032,21.0,0.016,0.0,0.0,8.0,0.006,469.0,0.3,1.0,0.001,7.0,0.005,0.0,0.0,7.0,1.0
38.771,-90.371,"(38.771, -90.371)",Hazelwood,MO,MO1,32.0,31.9,32.2,1038.0,.5,1228.0,0.542,2266.0,2260.0,0.997,690.0,0.305,1315.0,0.5820000000000001,0.0,0.0,159.0,0.07,0.0,0.0,96.0,0.042,6.0,0.0,0.0,0.0,96.0,0.042,0.0,0.0,96.0,1.0
29.76,-95.37,"(29.76, -95.37)",Houston,TX,TX18,40.9,40.7,44.3,727.0,.6,430.0,0.37200000000000005,1157.0,1064.0,0.92,857.0,0.805,89.0,0.084,0.0,0.0,77.0,0.07200000000000001,0.0,0.0,41.0,0.039,93.0,0.1,0.0,0.0,41.0,0.039,0.0,0.0,41.0,1.0
34.74,-88.138,"(34.74, -88.138)",Iuka,MS,MS1,46.7,49.4,45.2,1044.0,.5,977.0,0.483,2021.0,2007.0,0.993,1989.0,0.991,8.0,0.004,0.0,0.0,10.0,0.005,0.0,0.0,0.0,0.0,14.0,0.0,0.0,0.0,0.0,0.0,0.0,0.0,0.0,0.0
27.951,-82.457,"(27.951, -82.457)",Tampa,FL,FL14,38.3,38.8,37.5,915.0,.6,617.0,0.40299999999999997,1532.0,1148.0,0.7490000000000001,973.0,0.848,78.0,0.068,0.0,0.0,34.0,0.03,0.0,0.0,63.0,0.05499999999999999,384.0,0.3,16.0,0.013999999999999999,47.0,0.040999999999999995,0.0,0.0,47.0,1.0
42.292,-85.587,"(42.292, -85.587)",Kalamazoo,MI,MI6,30.8,33.8,24.2,1448.0,.7,735.0,0.337,2183.0,2112.0,0.9670000000000001,1707.0,0.8079999999999999,190.0,0.09,0.0,0.0,112.0,0.053,0.0,0.0,123.0,0.243,71.0,0.0,0.0,0.0,103.0,0.049,20.0,0.19399999999999998,83.0,0.8059999999999999
38.104,-122.257,"(38.104, -122.257)",Vallejo,CA,CA5,24.7,26.1,24.7,360.0,.4,629.0,0.636,989.0,869.0,0.879,106.0,0.122,558.0,0.642,0.0,0.0,79.0,0.091,0.0,0.0,126.0,0.145,120.0,0.1,0.0,0.0,126.0,0.145,0.0,0.0,126.0,1.0
43.201,-86.239,"(43.201, -86.239)",Muskegon,MI,MI2,32.7,32.2,35.0,576.0,.5,679.0,0.541,1255.0,1171.0,0.9329999999999999,222.0,0.19,845.0,0.722,0.0,0.0,0.0,0.0,0.0,0.0,104.0,0.08900000000000001,84.0,0.1,0.0,0.0,104.0,0.08900000000000001,0.0,0.0,104.0,1.0
28.454,-81.465,"(28.454, -81.465)",Orlando,FL,FL10,27.6,30.1,25.7,1228.0,.5,1471.0,0.545,2699.0,2308.0,0.855,1003.0,0.435,1154.0,0.5,0.0,0.0,63.0,0.027000000000000003,0.0,0.0,88.0,0.038,391.0,0.1,15.0,0.006,73.0,0.032,0.0,0.0,73.0,1.0
43.161,-77.611,"(43.161, -77.611)",Rochester,NY,NY25,47.7,35.2,55.7,834.0,.5,748.0,0.473,1582.0,1466.0,0.927,943.0,0.643,447.0,0.305,0.0,0.0,0.0,0.0,0.0,0.0,134.0,0.8150000000000001,116.0,0.1,0.0,0.0,76.0,0.052000000000000005,58.0,0.763,18.0,0.237
27.951,-82.457,"(27.951, -82.457)",Tampa,FL,FL14,38.3,38.8,37.5,915.0,.6,617.0,0.40299999999999997,1532.0,1148.0,0.7490000000000001,973.0,0.848,78.0,0.068,0.0,0.0,34.0,0.03,0.0,0.0,63.0,0.05499999999999999,384.0,0.3,16.0,0.013999999999999999,47.0,0.040999999999999995,0.0,0.0,47.0,1.0
34.052,-118.244,"(34.052, -118.244)",Los Angeles,CA,CA34,33.2,34.6,25.0,1125.0,.8,259.0,0.187,1384.0,717.0,0.518,225.0,0.314,308.0,0.43,9.0,0.013000000000000001,130.0,0.18100000000000002,5.0,0.006999999999999999,63.0,0.631,667.0,0.5,0.0,0.0,40.0,0.055999999999999994,23.0,0.575,17.0,0.425
29.21,-99.786,"(29.21, -99.786)",Uvalde,TX,TX23,34.8,30.5,41.2,1035.0,.5,926.0,0.47200000000000003,1961.0,597.0,0.304,549.0,0.92,24.0,0.04,2.0,0.003,22.0,0.037000000000000005,0.0,0.0,0.0,0.0,1364.0,0.7,0.0,0.0,0.0,0.0,0.0,0.0,0.0,0.0
29.951,-90.072,"(29.951, -90.072)",New Orleans,LA,LA2,35.5,35.8,33.9,943.0,.6,579.0,0.38,1522.0,1377.0,0.905,857.0,0.622,357.0,0.259,0.0,0.0,105.0,0.076,0.0,0.0,58.0,0.041999999999999996,145.0,0.1,26.0,0.019,32.0,0.023,0.0,0.0,32.0,1.0
33.539,-112.186,"(33.539, -112.186)",Glendale,AZ,AZ7,46.9,35.1,50.6,203.0,.5,214.0,0.513,417.0,260.0,0.624,243.0,0.935,0.0,0.0,0.0,0.0,0.0,0.0,0.0,0.0,17.0,0.065,157.0,0.4,0.0,0.0,17.0,0.065,0.0,0.0,17.0,1.0
38.045,-77.286,"(38.045, -77.286)",Bowling Green,VA,VA1,0.0,0.0,0.0,0.0,an,0.0,0.0,0.0,0.0,0.0,0.0,0.0,0.0,0.0,0.0,0.0,0.0,0.0,0.0,0.0,0.0,0.0,0.0,nan,0.0,0.0,0.0,0.0,0.0,0.0,0.0,0.0
36.792,-76.329,"(36.792, -76.329)",Chesapeake,VA,VA3,42.0,42.1,40.5,444.0,.5,524.0,0.541,968.0,956.0,0.988,815.0,0.853,51.0,0.053,0.0,0.0,72.0,0.075,0.0,0.0,18.0,0.019,12.0,0.0,0.0,0.0,18.0,0.019,0.0,0.0,18.0,1.0
33.783,-117.229,"(33.783, -117.229)",Perris,CA,CA41,21.8,21.6,22.3,1740.0,.5,1844.0,0.515,3584.0,405.0,0.113,266.0,0.657,103.0,0.254,0.0,0.0,12.0,0.03,0.0,0.0,40.0,0.7260000000000001,3179.0,0.9,0.0,0.0,24.0,0.059000000000000004,16.0,0.667,8.0,0.33299999999999996
30.754,-86.573,"(30.754, -86.573)",Crestview,FL,FL1,43.0,45.1,40.8,160.0,.5,178.0,0.527,338.0,338.0,1.0,149.0,0.441,155.0,0.45899999999999996,20.0,0.059000000000000004,0.0,0.0,0.0,0.0,14.0,0.040999999999999995,0.0,0.0,0.0,0.0,14.0,0.040999999999999995,0.0,0.0,14.0,1.0
34.052,-118.244,"(34.052, -118.244)",Los Angeles,CA,CA34,33.2,34.6,25.0,1125.0,.8,259.0,0.187,1384.0,717.0,0.518,225.0,0.314,308.0,0.43,9.0,0.013000000000000001,130.0,0.18100000000000002,5.0,0.006999999999999999,63.0,0.631,667.0,0.5,0.0,0.0,40.0,0.055999999999999994,23.0,0.575,17.0,0.425
37.403,-76.459,"(37.403, -76.459)",Gloucester,VA,VA1,55.9,53.9,56.3,630.0,.5,533.0,0.45799999999999996,1163.0,1163.0,1.0,1087.0,0.935,76.0,0.065,0.0,0.0,0.0,0.0,0.0,0.0,0.0,0.0,0.0,0.0,0.0,0.0,0.0,0.0,0.0,0.0,0.0,0.0
39.739,-75.54,"(39.739, -75.54)",Wilmington,DE,DE0,21.5,37.1,19.6,225.0,.4,389.0,0.634,614.0,614.0,1.0,0.0,0.0,614.0,1.0,0.0,0.0,0.0,0.0,0.0,0.0,0.0,0.0,0.0,0.0,0.0,0.0,0.0,0.0,0.0,0.0,0.0,0.0
35.15,-90.049,"(35.15, -90.049)",Memphis,TN,TN9,34.7,33.0,36.5,584.0,.5,525.0,0.473,1109.0,1109.0,1.0,765.0,0.69,230.0,0.207,9.0,0.008,71.0,0.064,0.0,0.0,34.0,0.031,0.0,0.0,0.0,0.0,34.0,0.031,0.0,0.0,34.0,1.0
28.039,-81.95,"(28.039, -81.95)",Lakeland,FL,FL15,31.3,27.7,35.1,531.0,.4,767.0,0.591,1298.0,1168.0,0.9,867.0,0.742,154.0,0.132,5.0,0.004,0.0,0.0,0.0,0.0,142.0,0.122,130.0,0.1,0.0,0.0,142.0,0.122,0.0,0.0,142.0,1.0
41.314,-96.081,"(41.314, -96.081)",Omaha,NE,NE2,30.4,30.6,28.0,521.0,.5,577.0,0.526,1098.0,1055.0,0.961,563.0,0.534,245.0,0.23199999999999998,24.0,0.023,74.0,0.07,0.0,0.0,149.0,0.141,43.0,0.0,0.0,0.0,149.0,0.141,0.0,0.0,149.0,1.0
34.116,-117.302,"(34.116, -117.302)",San Bernardino,CA,CA31,22.6,23.0,22.4,741.0,.4,995.0,0.573,1736.0,704.0,0.406,283.0,0.402,393.0,0.5579999999999999,9.0,0.013000000000000001,0.0,0.0,0.0,0.0,19.0,0.027000000000000003,1032.0,0.6,0.0,0.0,19.0,0.027000000000000003,0.0,0.0,19.0,1.0
34.14,-117.294,"(34.14, -117.294)",San Bernardino,CA,CA31,31.9,24.9,35.6,614.0,.5,713.0,0.537,1327.0,402.0,0.303,203.0,0.505,165.0,0.41,0.0,0.0,34.0,0.085,0.0,0.0,0.0,0.0,925.0,0.7,0.0,0.0,0.0,0.0,0.0,0.0,0.0,0.0
39.989,-82.989,"(39.989, -82.989)",Columbus,OH,OH3,30.2,40.9,24.8,536.0,.6,389.0,0.42100000000000004,925.0,866.0,0.9359999999999999,100.0,0.115,694.0,0.8009999999999999,0.0,0.0,0.0,0.0,0.0,0.0,72.0,0.083,59.0,0.1,34.0,0.039,38.0,0.044000000000000004,0.0,0.0,38.0,1.0
44.964,-93.268,"(44.964, -93.268)",Minneapolis,MN,MN5,29.8,33.7,26.6,1021.0,.6,653.0,0.39,1674.0,1268.0,0.757,542.0,0.42700000000000005,531.0,0.419,87.0,0.069,12.0,0.009000000000000001,0.0,0.0,96.0,0.075,406.0,0.2,3.0,0.002,93.0,0.073,0.0,0.0,93.0,1.0
31.808,-95.807,"(31.808, -95.807)",Tennessee Colony,TX,TX5,44.4,39.0,51.0,608.0,.5,577.0,0.48700000000000004,1185.0,1039.0,0.877,738.0,0.71,247.0,0.23800000000000002,0.0,0.0,13.0,0.013000000000000001,0.0,0.0,41.0,0.039,146.0,0.1,0.0,0.0,41.0,0.039,0.0,0.0,41.0,1.0
30.332,-81.676,"(30.332, -81.676)",Jacksonville,FL,FL5,41.6,43.6,41.1,960.0,.5,1057.0,0.524,2017.0,1951.0,0.9670000000000001,849.0,0.435,764.0,0.392,0.0,0.0,181.0,0.09300000000000001,0.0,0.0,161.0,0.10500000000000001,66.0,0.0,0.0,0.0,157.0,0.08,4.0,0.025,153.0,0.975
31.211,-82.358,"(31.211, -82.358)",Waycross,GA,GA1,10.4,9.7,13.9,178.0,.3,423.0,0.7040000000000001,601.0,601.0,1.0,105.0,0.175,496.0,0.825,0.0,0.0,0.0,0.0,0.0,0.0,0.0,0.0,0.0,0.0,0.0,0.0,0.0,0.0,0.0,0.0,0.0,0.0
44.55,-69.708,"(44.55, -69.708)",Oakland,ME,ME2,50.8,50.0,54.1,669.0,.5,566.0,0.45799999999999996,1235.0,1235.0,1.0,1218.0,0.986,0.0,0.0,0.0,0.0,17.0,0.013999999999999999,0.0,0.0,0.0,0.0,0.0,0.0,0.0,0.0,0.0,0.0,0.0,0.0,0.0,0.0
38.867,-104.757,"(38.867, -104.757)",Colorado Springs,CO,CO5,46.8,42.7,49.5,486.0,.5,448.0,0.48,934.0,820.0,0.878,722.0,0.88,83.0,0.10099999999999999,0.0,0.0,0.0,0.0,0.0,0.0,15.0,0.018000000000000002,114.0,0.1,0.0,0.0,15.0,0.018000000000000002,0.0,0.0,15.0,1.0
39.253,-84.6,"(39.253, -84.6)",Cincinnati,OH,OH1,53.5,53.1,61.7,132.0,.4,177.0,0.573,309.0,309.0,1.0,216.0,0.6990000000000001,93.0,0.301,0.0,0.0,0.0,0.0,0.0,0.0,0.0,0.0,0.0,0.0,0.0,0.0,0.0,0.0,0.0,0.0,0.0,0.0
35.173,-111.659,"(35.173, -111.659)",Flagstaff,AZ,AZ1,19.4,19.5,19.4,1194.0,.3,2460.0,0.6729999999999999,3654.0,2771.0,0.758,2091.0,0.755,239.0,0.086,120.0,0.043,196.0,0.071,36.0,0.013000000000000001,100.0,0.156,883.0,0.2,0.0,0.0,89.0,0.032,11.0,0.124,78.0,0.8759999999999999
43.222,-123.352,"(43.222, -123.352)",Roseburg,OR,OR4,36.0,32.4,41.8,461.0,.5,488.0,0.514,949.0,860.0,0.9059999999999999,808.0,0.94,0.0,0.0,0.0,0.0,13.0,0.015,0.0,0.0,39.0,0.045,89.0,0.1,0.0,0.0,39.0,0.045,0.0,0.0,39.0,1.0
29.033,-82.659,"(29.033, -82.659)",Inglis,FL,FL2,58.5,57.6,58.7,461.0,.5,506.0,0.523,967.0,921.0,0.9520000000000001,889.0,0.965,21.0,0.023,0.0,0.0,0.0,0.0,0.0,0.0,11.0,0.012,46.0,0.0,0.0,0.0,11.0,0.012,0.0,0.0,11.0,1.0
33.029,-84.714,"(33.029, -84.714)",Greenville,GA,GA3,48.4,39.2,50.9,392.0,.4,657.0,0.626,1049.0,1039.0,0.99,277.0,0.267,738.0,0.71,0.0,0.0,0.0,0.0,0.0,0.0,24.0,0.023,10.0,0.0,24.0,0.023,0.0,0.0,0.0,0.0,0.0,0.0
43.387,-98.844,"(43.387, -98.844)",Platte,SD,SD0,45.1,42.9,47.1,752.0,.5,797.0,0.515,1549.0,1549.0,1.0,1536.0,0.992,0.0,0.0,7.0,0.005,0.0,0.0,0.0,0.0,6.0,0.004,0.0,0.0,0.0,0.0,6.0,0.004,0.0,0.0,6.0,1.0
47.696,-95.428,"(47.696, -95.428)",Clearbrook,MN,MN7,45.6,39.7,52.8,388.0,.5,369.0,0.48700000000000004,757.0,734.0,0.97,712.0,0.97,0.0,0.0,6.0,0.008,0.0,0.0,0.0,0.0,16.0,0.022000000000000002,23.0,0.0,0.0,0.0,16.0,0.022000000000000002,0.0,0.0,16.0,1.0
36.556,-82.214,"(36.556, -82.214)",Bristol,TN,TN1,43.6,42.5,44.9,601.0,.5,719.0,0.545,1320.0,1280.0,0.97,1223.0,0.955,31.0,0.024,0.0,0.0,9.0,0.006999999999999999,0.0,0.0,17.0,0.013000000000000001,40.0,0.0,0.0,0.0,17.0,0.013000000000000001,0.0,0.0,17.0,1.0
37.278,-79.958,"(37.278, -79.958)",Roanoke,VA,VA6,44.2,38.3,50.5,466.0,.5,454.0,0.493,920.0,902.0,0.98,80.0,0.08900000000000001,809.0,0.897,0.0,0.0,0.0,0.0,0.0,0.0,13.0,0.013999999999999999,18.0,0.0,0.0,0.0,13.0,0.013999999999999999,0.0,0.0,13.0,1.0
43.17,-77.614,"(43.17, -77.614)",Rochester,NY,NY25,32.4,28.5,39.7,307.0,.5,359.0,0.539,666.0,369.0,0.5539999999999999,65.0,0.17600000000000002,288.0,0.78,0.0,0.0,1.0,0.003,0.0,0.0,15.0,0.040999999999999995,297.0,0.4,0.0,0.0,15.0,0.040999999999999995,0.0,0.0,15.0,1.0
29.797,-95.368,"(29.797, -95.368)",Houston,TX,TX29,34.6,38.4,34.0,929.0,.5,894.0,0.49,1823.0,238.0,0.131,35.0,0.147,173.0,0.727,0.0,0.0,0.0,0.0,0.0,0.0,30.0,0.126,1585.0,0.9,0.0,0.0,30.0,0.126,0.0,0.0,30.0,1.0
30.212,-92.032,"(30.212, -92.032)",Lafayette,LA,LA3,28.5,25.8,43.1,508.0,.6,280.0,0.355,788.0,725.0,0.92,630.0,0.8690000000000001,44.0,0.061,21.0,0.028999999999999998,7.0,0.01,0.0,0.0,23.0,0.032,63.0,0.1,0.0,0.0,23.0,0.032,0.0,0.0,23.0,1.0
34.051,-84.069,"(34.051, -84.069)",Suwanee,GA,GA7,34.9,35.7,32.9,1357.0,.4,1745.0,0.563,3102.0,2798.0,0.902,1268.0,0.45299999999999996,731.0,0.261,0.0,0.0,653.0,0.233,0.0,0.0,146.0,0.052000000000000005,304.0,0.1,0.0,0.0,146.0,0.052000000000000005,0.0,0.0,146.0,1.0
35.093,-85.237,"(35.093, -85.237)",Chattanooga,TN,TN3,34.3,30.6,37.7,651.0,.5,567.0,0.466,1218.0,1218.0,1.0,765.0,0.628,453.0,0.37200000000000005,0.0,0.0,0.0,0.0,0.0,0.0,0.0,0.0,0.0,0.0,0.0,0.0,0.0,0.0,0.0,0.0,0.0,0.0
41.895,-87.819,"(41.895, -87.819)",River Forest,IL,IL7,48.6,48.8,48.3,663.0,.5,558.0,0.457,1221.0,1172.0,0.96,1106.0,0.9440000000000001,22.0,0.019,0.0,0.0,44.0,0.038,0.0,0.0,0.0,0.0,49.0,0.0,0.0,0.0,0.0,0.0,0.0,0.0,0.0,0.0
34.864,-80.0,"(34.864, -80.0)",Morven,NC,NC9,59.5,47.0,60.5,511.0,.5,426.0,0.455,937.0,884.0,0.943,325.0,0.368,559.0,0.632,0.0,0.0,0.0,0.0,0.0,0.0,0.0,0.0,53.0,0.1,0.0,0.0,0.0,0.0,0.0,0.0,0.0,0.0
32.788,-79.933,"(32.788, -79.933)",Charleston,SC,SC1,19.7,22.1,19.5,348.0,.3,784.0,0.693,1132.0,1116.0,0.986,919.0,0.823,104.0,0.09300000000000001,0.0,0.0,28.0,0.025,0.0,0.0,65.0,0.057999999999999996,16.0,0.0,0.0,0.0,65.0,0.057999999999999996,0.0,0.0,65.0,1.0
25.943,-80.243,"(25.943, -80.243)",Miami Gardens,FL,FL24,39.7,39.4,40.3,832.0,.5,984.0,0.542,1816.0,1651.0,0.909,27.0,0.016,1588.0,0.9620000000000001,0.0,0.0,36.0,0.022000000000000002,0.0,0.0,0.0,0.0,165.0,0.1,0.0,0.0,0.0,0.0,0.0,0.0,0.0,0.0
46.398,-112.733,"(46.398, -112.733)",Deer Lodge,MT,MT0,54.7,51.0,56.0,424.0,.5,421.0,0.498,845.0,845.0,1.0,782.0,0.925,13.0,0.015,0.0,0.0,0.0,0.0,0.0,0.0,50.0,0.059000000000000004,0.0,0.0,0.0,0.0,50.0,0.059000000000000004,0.0,0.0,50.0,1.0
41.477,-81.681,"(41.477, -81.681)",Cleveland,OH,OH11,27.9,28.7,27.3,318.0,.5,377.0,0.542,695.0,628.0,0.904,145.0,0.231,452.0,0.72,18.0,0.028999999999999998,6.0,0.01,0.0,0.0,7.0,0.011000000000000001,67.0,0.1,0.0,0.0,7.0,0.011000000000000001,0.0,0.0,7.0,1.0
33.661,-84.027,"(33.661, -84.027)",Conyers,GA,GA4,34.0,22.8,36.8,1233.0,.5,1408.0,0.5329999999999999,2641.0,2198.0,0.8320000000000001,401.0,0.182,1671.0,0.76,0.0,0.0,126.0,0.057,0.0,0.0,0.0,0.0,443.0,0.2,0.0,0.0,0.0,0.0,0.0,0.0,0.0,0.0
39.856,-88.933,"(39.856, -88.933)",Decatur,IL,IL13,35.3,26.7,56.2,191.0,.6,146.0,0.433,337.0,306.0,0.9079999999999999,66.0,0.21600000000000003,173.0,0.565,0.0,0.0,63.0,0.20600000000000002,0.0,0.0,4.0,0.013000000000000001,31.0,0.1,0.0,0.0,4.0,0.013000000000000001,0.0,0.0,4.0,1.0
32.154,-110.968,"(32.154, -110.968)",Tucson,AZ,AZ3,40.1,44.2,40.0,398.0,.6,291.0,0.42200000000000004,689.0,98.0,0.142,72.0,0.735,0.0,0.0,0.0,0.0,19.0,0.19399999999999998,0.0,0.0,7.0,0.071,591.0,0.9,0.0,0.0,7.0,0.071,0.0,0.0,7.0,1.0
40.732,-74.184,"(40.732, -74.184)",Newark,NJ,NJ10,52.2,35.4,55.8,484.0,.4,651.0,0.574,1135.0,999.0,0.88,37.0,0.037000000000000005,951.0,0.9520000000000001,0.0,0.0,0.0,0.0,0.0,0.0,11.0,0.011000000000000001,136.0,0.1,11.0,0.011000000000000001,0.0,0.0,0.0,0.0,0.0,0.0
44.205,-88.448,"(44.205, -88.448)",Menasha,WI,WI6,35.6,31.7,36.4,445.0,.5,500.0,0.529,945.0,898.0,0.95,767.0,0.8540000000000001,36.0,0.04,26.0,0.028999999999999998,0.0,0.0,0.0,0.0,69.0,0.077,47.0,0.1,0.0,0.0,69.0,0.077,0.0,0.0,69.0,1.0
43.064,-87.967,"(43.064, -87.967)",Milwaukee,WI,WI4,20.9,16.2,32.5,500.0,.5,562.0,0.529,1062.0,1005.0,0.946,98.0,0.098,706.0,0.7020000000000001,0.0,0.0,166.0,0.165,0.0,0.0,35.0,0.035,57.0,0.1,0.0,0.0,35.0,0.035,0.0,0.0,35.0,1.0
43.157,-77.693,"(43.157, -77.693)",Rochester,NY,NY25,41.5,37.4,44.2,1092.0,.4,1578.0,0.591,2670.0,2562.0,0.96,2244.0,0.8759999999999999,93.0,0.036000000000000004,0.0,0.0,99.0,0.039,0.0,0.0,126.0,0.049,108.0,0.0,0.0,0.0,126.0,0.049,0.0,0.0,126.0,1.0
31.079,-97.734,"(31.079, -97.734)",Killeen,TX,TX31,31.2,30.9,31.6,1639.0,.5,1988.0,0.5479999999999999,3627.0,2459.0,0.6779999999999999,968.0,0.39399999999999996,1248.0,0.508,43.0,0.017,69.0,0.027999999999999997,18.0,0.006999999999999999,113.0,0.046,1168.0,0.3,17.0,0.006999999999999999,96.0,0.039,0.0,0.0,96.0,1.0
33.571,-112.09,"(33.571, -112.09)",Phoenix,AZ,AZ9,27.2,29.7,25.2,989.0,.5,904.0,0.478,1893.0,652.0,0.344,383.0,0.5870000000000001,151.0,0.23199999999999998,29.0,0.044000000000000004,22.0,0.034,0.0,0.0,67.0,0.102,1241.0,0.7,10.0,0.015,57.0,0.087,0.0,0.0,57.0,1.0
34.268,-85.188,"(34.268, -85.188)",Rome,GA,GA14,35.9,27.8,44.3,393.0,.6,252.0,0.391,645.0,645.0,1.0,571.0,0.885,61.0,0.095,0.0,0.0,13.0,0.02,0.0,0.0,0.0,0.0,0.0,0.0,0.0,0.0,0.0,0.0,0.0,0.0,0.0,0.0
39.777,-86.146,"(39.777, -86.146)",Indianapolis,IN,IN7,30.9,33.3,28.5,533.0,.6,385.0,0.419,918.0,794.0,0.865,683.0,0.86,16.0,0.02,0.0,0.0,40.0,0.05,0.0,0.0,55.0,0.069,124.0,0.1,0.0,0.0,55.0,0.069,0.0,0.0,55.0,1.0
29.193,-81.102,"(29.193, -81.102)",Daytona Beach,FL,FL6,44.2,38.0,49.4,1303.0,.6,1025.0,0.44,2328.0,2170.0,0.932,1496.0,0.6890000000000001,335.0,0.154,0.0,0.0,172.0,0.079,0.0,0.0,167.0,0.077,158.0,0.1,84.0,0.039,83.0,0.038,0.0,0.0,83.0,1.0
36.135,-95.913,"(36.135, -95.913)",Tulsa,OK,OK1,36.3,33.2,38.7,553.0,.5,612.0,0.525,1165.0,1144.0,0.982,893.0,0.7809999999999999,72.0,0.063,58.0,0.051,45.0,0.039,0.0,0.0,76.0,0.066,21.0,0.0,0.0,0.0,76.0,0.066,0.0,0.0,76.0,1.0
30.225,-85.874,"(30.225, -85.874)",Panama City Beach,FL,FL2,37.2,38.8,35.4,940.0,.5,1054.0,0.529,1994.0,1857.0,0.9309999999999999,1682.0,0.9059999999999999,21.0,0.011000000000000001,0.0,0.0,65.0,0.035,0.0,0.0,89.0,0.048,137.0,0.1,0.0,0.0,89.0,0.048,0.0,0.0,89.0,1.0
36.443,-108.723,"(36.443, -108.723)",Little Water,NM,NM3,0.0,0.0,0.0,0.0,an,0.0,0.0,0.0,0.0,0.0,0.0,0.0,0.0,0.0,0.0,0.0,0.0,0.0,0.0,0.0,0.0,0.0,0.0,nan,0.0,0.0,0.0,0.0,0.0,0.0,0.0,0.0
33.423,-111.816,"(33.423, -111.816)",Mesa,AZ,AZ9,35.0,35.6,32.8,933.0,.5,791.0,0.45899999999999996,1724.0,1334.0,0.774,1232.0,0.924,16.0,0.012,36.0,0.027000000000000003,0.0,0.0,0.0,0.0,50.0,0.037000000000000005,390.0,0.2,0.0,0.0,50.0,0.037000000000000005,0.0,0.0,50.0,1.0
31.055,-85.301,"(31.055, -85.301)",Cottonwood,AL,AL2,35.2,35.6,33.7,452.0,.5,451.0,0.499,903.0,899.0,0.996,697.0,0.775,193.0,0.215,2.0,0.002,0.0,0.0,0.0,0.0,7.0,0.008,4.0,0.0,0.0,0.0,7.0,0.008,0.0,0.0,7.0,1.0
31.58,-90.443,"(31.58, -90.443)",Brookhaven,MS,MS3,36.3,36.7,32.4,544.0,.5,640.0,0.541,1184.0,1122.0,0.948,907.0,0.8079999999999999,215.0,0.192,0.0,0.0,0.0,0.0,0.0,0.0,0.0,0.0,62.0,0.1,0.0,0.0,0.0,0.0,0.0,0.0,0.0,0.0
35.904,-77.556,"(35.904, -77.556)",Tarboro,NC,NC1,44.2,47.8,39.7,229.0,.3,472.0,0.6729999999999999,701.0,574.0,0.8190000000000001,321.0,0.5589999999999999,253.0,0.441,0.0,0.0,0.0,0.0,0.0,0.0,0.0,0.0,127.0,0.2,0.0,0.0,0.0,0.0,0.0,0.0,0.0,0.0
33.528,-86.796,"(33.528, -86.796)",Birmingham,AL,AL7,31.9,32.4,31.8,404.0,.7,143.0,0.261,547.0,541.0,0.9890000000000001,279.0,0.516,217.0,0.401,18.0,0.033,0.0,0.0,0.0,0.0,27.0,0.05,6.0,0.0,0.0,0.0,27.0,0.05,0.0,0.0,27.0,1.0
37.204,-91.877,"(37.204, -91.877)",Houston,MO,MO8,28.7,28.1,40.1,504.0,.5,603.0,0.545,1107.0,1107.0,1.0,1058.0,0.956,0.0,0.0,0.0,0.0,0.0,0.0,0.0,0.0,49.0,0.044000000000000004,0.0,0.0,0.0,0.0,49.0,0.044000000000000004,0.0,0.0,49.0,1.0
35.226,-80.837,"(35.226, -80.837)",Charlotte,NC,NC12,33.9,0.0,0.0,40.0,.4,50.0,0.556,90.0,90.0,1.0,71.0,0.789,19.0,0.21100000000000002,0.0,0.0,0.0,0.0,0.0,0.0,0.0,0.0,0.0,0.0,0.0,0.0,0.0,0.0,0.0,0.0,0.0,0.0
34.61,-83.529,"(34.61, -83.529)",Clarkesville,GA,GA9,31.1,29.2,36.3,615.0,.4,880.0,0.589,1495.0,1393.0,0.932,1191.0,0.855,97.0,0.07,0.0,0.0,7.0,0.005,0.0,0.0,98.0,0.07,102.0,0.1,92.0,0.066,6.0,0.004,0.0,0.0,6.0,1.0
31.079,-97.734,"(31.079, -97.734)",Killeen,TX,TX31,31.2,30.9,31.6,1639.0,.5,1988.0,0.5479999999999999,3627.0,2459.0,0.6779999999999999,968.0,0.39399999999999996,1248.0,0.508,43.0,0.017,69.0,0.027999999999999997,18.0,0.006999999999999999,113.0,0.046,1168.0,0.3,17.0,0.006999999999999999,96.0,0.039,0.0,0.0,96.0,1.0
35.927,-79.039,"(35.927, -79.039)",Chapel Hill,NC,NC4,37.0,44.7,25.9,807.0,.4,1016.0,0.557,1823.0,1736.0,0.9520000000000001,1390.0,0.8009999999999999,58.0,0.033,0.0,0.0,136.0,0.078,0.0,0.0,152.0,0.087,87.0,0.0,72.0,0.040999999999999995,80.0,0.046,0.0,0.0,80.0,1.0
28.247,-82.717,"(28.247, -82.717)",New Port Richey,FL,FL12,42.0,50.1,39.3,522.0,.4,725.0,0.581,1247.0,1077.0,0.8640000000000001,897.0,0.833,141.0,0.131,14.0,0.013000000000000001,0.0,0.0,0.0,0.0,25.0,0.023,170.0,0.1,0.0,0.0,25.0,0.023,0.0,0.0,25.0,1.0
40.426,-79.761,"(40.426, -79.761)",Monroeville,PA,PA18,36.4,33.3,44.7,620.0,.4,837.0,0.574,1457.0,1422.0,0.976,619.0,0.435,648.0,0.456,9.0,0.006,29.0,0.02,0.0,0.0,117.0,0.08199999999999999,35.0,0.0,0.0,0.0,117.0,0.08199999999999999,0.0,0.0,117.0,1.0
33.711,-84.716,"(33.711, -84.716)",Douglasville,GA,GA13,43.6,51.1,40.5,951.0,.5,1049.0,0.525,2000.0,1810.0,0.905,1025.0,0.5660000000000001,702.0,0.38799999999999996,0.0,0.0,37.0,0.02,0.0,0.0,46.0,0.025,190.0,0.1,0.0,0.0,46.0,0.025,0.0,0.0,46.0,1.0
36.276,-80.355,"(36.276, -80.355)",King,NC,NC5,55.1,55.3,54.3,394.0,.3,738.0,0.652,1132.0,1132.0,1.0,1037.0,0.9159999999999999,95.0,0.084,0.0,0.0,0.0,0.0,0.0,0.0,0.0,0.0,0.0,0.0,0.0,0.0,0.0,0.0,0.0,0.0,0.0,0.0
43.041,-76.144,"(43.041, -76.144)",Syracuse,NY,NY24,26.2,17.8,27.1,430.0,.5,472.0,0.523,902.0,767.0,0.85,47.0,0.061,635.0,0.828,0.0,0.0,0.0,0.0,0.0,0.0,85.0,0.11100000000000002,135.0,0.1,20.0,0.026000000000000002,65.0,0.085,0.0,0.0,65.0,1.0
33.036,-85.029,"(33.036, -85.029)",Lagrange,GA,GA3,22.2,16.3,25.4,673.0,.4,833.0,0.5529999999999999,1506.0,1469.0,0.975,62.0,0.042,1186.0,0.807,0.0,0.0,54.0,0.037000000000000005,0.0,0.0,188.0,0.24,37.0,0.0,0.0,0.0,167.0,0.114,21.0,0.126,146.0,0.8740000000000001
40.69,-73.872,"(40.69, -73.872)",Brooklyn,NY,NY7,37.5,38.2,37.0,617.0,.5,743.0,0.546,1360.0,441.0,0.324,65.0,0.147,191.0,0.433,9.0,0.02,95.0,0.215,0.0,0.0,81.0,0.183,919.0,0.7,28.0,0.063,53.0,0.12,0.0,0.0,53.0,1.0
41.266,-96.054,"(41.266, -96.054)",Omaha,NE,NE2,32.4,30.8,47.1,416.0,.4,707.0,0.63,1123.0,1107.0,0.986,1018.0,0.92,0.0,0.0,0.0,0.0,89.0,0.08,0.0,0.0,0.0,0.0,16.0,0.0,0.0,0.0,0.0,0.0,0.0,0.0,0.0,0.0
46.731,-116.999,"(46.731, -116.999)",Moscow,ID,ID1,24.7,24.0,24.8,276.0,.5,239.0,0.46399999999999997,515.0,515.0,1.0,457.0,0.887,31.0,0.06,7.0,0.013999999999999999,14.0,0.027000000000000003,0.0,0.0,6.0,0.012,0.0,0.0,0.0,0.0,6.0,0.012,0.0,0.0,6.0,1.0
35.105,-89.977,"(35.105, -89.977)",Memphis,TN,TN9,38.4,45.3,28.2,196.0,.4,304.0,0.608,500.0,500.0,1.0,8.0,0.016,480.0,0.96,0.0,0.0,0.0,0.0,0.0,0.0,12.0,0.024,0.0,0.0,0.0,0.0,12.0,0.024,0.0,0.0,12.0,1.0
40.394,-75.496,"(40.394, -75.496)",Pennsburg,PA,PA4,41.4,41.5,41.1,625.0,.5,632.0,0.503,1257.0,1246.0,0.991,1142.0,0.917,0.0,0.0,0.0,0.0,66.0,0.053,0.0,0.0,38.0,0.03,11.0,0.0,0.0,0.0,38.0,0.03,0.0,0.0,38.0,1.0
39.634,-79.948,"(39.634, -79.948)",Morgantown,WV,WV1,20.1,20.5,19.7,466.0,.5,383.0,0.451,849.0,839.0,0.988,764.0,0.9109999999999999,23.0,0.027000000000000003,0.0,0.0,16.0,0.019,0.0,0.0,36.0,0.043,10.0,0.0,0.0,0.0,36.0,0.043,0.0,0.0,36.0,1.0
30.455,-84.253,"(30.455, -84.253)",Tallahassee,FL,FL2,30.5,31.6,29.1,1384.0,.5,1231.0,0.47100000000000003,2615.0,2612.0,0.9990000000000001,1460.0,0.5589999999999999,872.0,0.33399999999999996,0.0,0.0,81.0,0.031,0.0,0.0,199.0,0.076,3.0,0.0,0.0,0.0,199.0,0.076,0.0,0.0,199.0,1.0
48.048,-122.136,"(48.048, -122.136)",Marysville,WA,WA2,48.5,37.7,50.8,474.0,.5,548.0,0.536,1022.0,1022.0,1.0,785.0,0.768,20.0,0.02,0.0,0.0,79.0,0.077,0.0,0.0,138.0,0.135,0.0,0.0,15.0,0.015,123.0,0.12,0.0,0.0,123.0,1.0
35.153,-106.779,"(35.153, -106.779)",Albuquerque,NM,NM1,0.0,0.0,0.0,0.0,an,0.0,0.0,0.0,0.0,0.0,0.0,0.0,0.0,0.0,0.0,0.0,0.0,0.0,0.0,0.0,0.0,0.0,0.0,nan,0.0,0.0,0.0,0.0,0.0,0.0,0.0,0.0
30.069,-89.931,"(30.069, -89.931)",New Orleans,LA,LA2,34.9,37.2,34.8,548.0,.5,613.0,0.528,1161.0,1059.0,0.912,42.0,0.04,954.0,0.9009999999999999,0.0,0.0,63.0,0.059000000000000004,0.0,0.0,0.0,0.0,102.0,0.1,0.0,0.0,0.0,0.0,0.0,0.0,0.0,0.0
36.189,-115.326,"(36.189, -115.326)",Las Vegas,NV,NV3,36.8,42.7,32.9,871.0,.5,858.0,0.496,1729.0,1481.0,0.857,1122.0,0.758,80.0,0.054000000000000006,28.0,0.019,187.0,0.126,0.0,0.0,64.0,0.043000000000000003,248.0,0.1,16.0,0.011000000000000001,48.0,0.032,0.0,0.0,48.0,1.0
47.622,-122.324,"(47.622, -122.324)",Seattle,WA,WA7,35.1,34.7,35.8,811.0,.7,430.0,0.34600000000000003,1241.0,1221.0,0.9840000000000001,891.0,0.73,25.0,0.02,0.0,0.0,210.0,0.172,0.0,0.0,95.0,0.078,20.0,0.0,0.0,0.0,95.0,0.078,0.0,0.0,95.0,1.0
34.025,-84.618,"(34.025, -84.618)",Kennesaw,GA,GA11,40.3,40.5,37.8,1226.0,.4,1560.0,0.56,2786.0,2381.0,0.855,1598.0,0.6709999999999999,536.0,0.225,0.0,0.0,130.0,0.055,0.0,0.0,117.0,0.049,405.0,0.1,65.0,0.027000000000000003,52.0,0.022000000000000002,0.0,0.0,52.0,1.0
31.086,-97.463,"(31.086, -97.463)",Belton,TX,TX31,48.4,48.6,47.3,1039.0,.5,995.0,0.489,2034.0,1728.0,0.85,1523.0,0.8809999999999999,53.0,0.031,0.0,0.0,64.0,0.037000000000000005,0.0,0.0,88.0,0.051,306.0,0.1,0.0,0.0,88.0,0.051,0.0,0.0,88.0,1.0
31.079,-97.734,"(31.079, -97.734)",Killeen,TX,TX31,31.2,30.9,31.6,1639.0,.5,1988.0,0.5479999999999999,3627.0,2459.0,0.6779999999999999,968.0,0.39399999999999996,1248.0,0.508,43.0,0.017,69.0,0.027999999999999997,18.0,0.006999999999999999,113.0,0.046,1168.0,0.3,17.0,0.006999999999999999,96.0,0.039,0.0,0.0,96.0,1.0
37.755,-122.442,"(37.755, -122.442)",San Francisco,CA,CA12,39.9,45.0,36.7,1321.0,.6,823.0,0.384,2144.0,1759.0,0.82,1368.0,0.778,47.0,0.027000000000000003,0.0,0.0,287.0,0.163,0.0,0.0,57.0,0.032,385.0,0.2,57.0,0.032,0.0,0.0,0.0,0.0,0.0,0.0
41.491,-120.549,"(41.491, -120.549)",Alturas,CA,CA1,54.5,58.6,49.8,481.0,.6,373.0,0.43700000000000006,854.0,725.0,0.8490000000000001,696.0,0.96,0.0,0.0,0.0,0.0,10.0,0.013999999999999999,0.0,0.0,19.0,0.026000000000000002,129.0,0.2,0.0,0.0,19.0,0.026000000000000002,0.0,0.0,19.0,1.0
32.347,-86.267,"(32.347, -86.267)",Montgomery,AL,AL2,45.8,45.6,48.1,365.0,.4,460.0,0.5579999999999999,825.0,807.0,0.978,807.0,1.0,0.0,0.0,0.0,0.0,0.0,0.0,0.0,0.0,0.0,0.0,18.0,0.0,0.0,0.0,0.0,0.0,0.0,0.0,0.0,0.0
34.176,-118.54,"(34.176, -118.54)",Tarzana,CA,CA30,34.1,34.5,32.8,1488.0,.5,1599.0,0.518,3087.0,1827.0,0.5920000000000001,1294.0,0.708,261.0,0.14300000000000002,0.0,0.0,167.0,0.091,0.0,0.0,105.0,0.058,1260.0,0.4,18.0,0.01,87.0,0.048,0.0,0.0,87.0,1.0
39.541,-119.748,"(39.541, -119.748)",Sparks,NV,NV2,49.7,54.7,47.5,235.0,.4,408.0,0.635,643.0,390.0,0.607,372.0,0.9540000000000001,0.0,0.0,18.0,0.046,0.0,0.0,0.0,0.0,0.0,0.0,253.0,0.4,0.0,0.0,0.0,0.0,0.0,0.0,0.0,0.0
38.905,-77.016,"(38.905, -77.016)",Washington,DC,DC98,38.4,42.0,36.0,1084.0,.6,619.0,0.363,1703.0,1550.0,0.91,835.0,0.539,468.0,0.302,0.0,0.0,209.0,0.135,0.0,0.0,38.0,0.025,153.0,0.1,0.0,0.0,38.0,0.025,0.0,0.0,38.0,1.0
35.468,-97.519,"(35.468, -97.519)",Oklahoma City,OK,OK5,30.5,29.5,35.3,138.0,.7,66.0,0.324,204.0,196.0,0.961,154.0,0.7859999999999999,0.0,0.0,7.0,0.036000000000000004,35.0,0.179,0.0,0.0,0.0,0.0,8.0,0.0,0.0,0.0,0.0,0.0,0.0,0.0,0.0,0.0
32.795,-96.766,"(32.795, -96.766)",Dallas,TX,TX32,34.5,35.7,34.0,268.0,.5,259.0,0.491,527.0,175.0,0.332,109.0,0.623,61.0,0.349,5.0,0.028999999999999998,0.0,0.0,0.0,0.0,0.0,0.0,352.0,0.7,0.0,0.0,0.0,0.0,0.0,0.0,0.0,0.0
39.753,-79.084,"(39.753, -79.084)",Salisbury,PA,PA13,42.7,39.3,46.3,463.0,.5,477.0,0.507,940.0,940.0,1.0,940.0,1.0,0.0,0.0,0.0,0.0,0.0,0.0,0.0,0.0,0.0,0.0,0.0,0.0,0.0,0.0,0.0,0.0,0.0,0.0,0.0,0.0
25.867,-80.291,"(25.867, -80.291)",Hialeah,FL,FL25,47.5,43.4,54.8,511.0,.5,452.0,0.469,963.0,111.0,0.115,96.0,0.865,15.0,0.135,0.0,0.0,0.0,0.0,0.0,0.0,0.0,0.0,852.0,0.9,0.0,0.0,0.0,0.0,0.0,0.0,0.0,0.0
34.023,-118.482,"(34.023, -118.482)",Santa Monica,CA,CA33,31.8,23.9,33.7,619.0,.5,563.0,0.47600000000000003,1182.0,534.0,0.452,352.0,0.659,37.0,0.069,8.0,0.015,128.0,0.24,0.0,0.0,9.0,0.017,648.0,0.5,0.0,0.0,9.0,0.017,0.0,0.0,9.0,1.0
39.542,-90.33,"(39.542, -90.33)",Manchester,IL,IL18,49.3,46.5,49.8,271.0,.5,256.0,0.486,527.0,527.0,1.0,522.0,0.991,0.0,0.0,0.0,0.0,0.0,0.0,0.0,0.0,5.0,0.009000000000000001,0.0,0.0,0.0,0.0,5.0,0.009000000000000001,0.0,0.0,5.0,1.0
47.309,-122.336,"(47.309, -122.336)",Federal Way,WA,WA9,43.4,39.1,46.5,858.0,.6,572.0,0.4,1430.0,1299.0,0.9079999999999999,739.0,0.569,384.0,0.29600000000000004,0.0,0.0,73.0,0.055999999999999994,0.0,0.0,103.0,0.079,131.0,0.1,0.0,0.0,103.0,0.079,0.0,0.0,103.0,1.0
43.01,-75.008,"(43.01, -75.008)",Mohawk,NY,NY22,37.0,27.8,49.9,401.0,.5,427.0,0.516,828.0,828.0,1.0,779.0,0.941,0.0,0.0,0.0,0.0,35.0,0.042,0.0,0.0,14.0,0.017,0.0,0.0,0.0,0.0,14.0,0.017,0.0,0.0,14.0,1.0
33.55,-117.642,"(33.55, -117.642)",Ladera Ranch,CA,CA49,36.4,38.2,34.5,1074.0,.4,1378.0,0.562,2452.0,2160.0,0.8809999999999999,1514.0,0.701,21.0,0.01,0.0,0.0,416.0,0.193,0.0,0.0,209.0,0.09699999999999999,292.0,0.1,0.0,0.0,209.0,0.09699999999999999,0.0,0.0,209.0,1.0
33.678,-117.774,"(33.678, -117.774)",Irvine,CA,CA45,37.8,34.6,39.5,1297.0,.5,1381.0,0.516,2678.0,2439.0,0.9109999999999999,1218.0,0.499,103.0,0.042,0.0,0.0,1078.0,0.442,0.0,0.0,40.0,0.016,239.0,0.1,0.0,0.0,40.0,0.016,0.0,0.0,40.0,1.0
33.571,-112.09,"(33.571, -112.09)",Phoenix,AZ,AZ9,27.2,29.7,25.2,989.0,.5,904.0,0.478,1893.0,652.0,0.344,383.0,0.5870000000000001,151.0,0.23199999999999998,29.0,0.044000000000000004,22.0,0.034,0.0,0.0,67.0,0.102,1241.0,0.7,10.0,0.015,57.0,0.087,0.0,0.0,57.0,1.0
35.153,-106.779,"(35.153, -106.779)",Albuquerque,NM,NM1,0.0,0.0,0.0,0.0,an,0.0,0.0,0.0,0.0,0.0,0.0,0.0,0.0,0.0,0.0,0.0,0.0,0.0,0.0,0.0,0.0,0.0,0.0,nan,0.0,0.0,0.0,0.0,0.0,0.0,0.0,0.0
41.412,-73.312,"(41.412, -73.312)",Newtown,CT,CT5,46.9,46.9,47.0,631.0,.5,630.0,0.5,1261.0,1156.0,0.917,1111.0,0.961,7.0,0.006,0.0,0.0,20.0,0.017,0.0,0.0,18.0,0.016,105.0,0.1,0.0,0.0,18.0,0.016,0.0,0.0,18.0,1.0
45.449,-122.544,"(45.449, -122.544)",Happy Valley,OR,OR5,40.7,40.4,41.0,2383.0,.5,2496.0,0.512,4879.0,4518.0,0.9259999999999999,3273.0,0.7240000000000001,73.0,0.016,0.0,0.0,919.0,0.203,0.0,0.0,253.0,0.055999999999999994,361.0,0.1,0.0,0.0,253.0,0.055999999999999994,0.0,0.0,253.0,1.0
43.064,-88.123,"(43.064, -88.123)",Brookfield,WI,WI5,46.9,47.5,44.2,508.0,.5,589.0,0.537,1097.0,1065.0,0.971,721.0,0.677,0.0,0.0,0.0,0.0,314.0,0.295,11.0,0.01,19.0,0.018000000000000002,32.0,0.0,0.0,0.0,19.0,0.018000000000000002,0.0,0.0,19.0,1.0
25.797,-80.208,"(25.797, -80.208)",Miami,FL,FL24,35.2,36.1,34.3,1484.0,.6,1190.0,0.445,2674.0,517.0,0.193,89.0,0.172,394.0,0.762,0.0,0.0,34.0,0.066,0.0,0.0,0.0,0.0,2157.0,0.8,0.0,0.0,0.0,0.0,0.0,0.0,0.0,0.0
44.964,-93.268,"(44.964, -93.268)",Minneapolis,MN,MN5,29.8,33.7,26.6,1021.0,.6,653.0,0.39,1674.0,1268.0,0.757,542.0,0.42700000000000005,531.0,0.419,87.0,0.069,12.0,0.009000000000000001,0.0,0.0,96.0,0.075,406.0,0.2,3.0,0.002,93.0,0.073,0.0,0.0,93.0,1.0
42.88,-87.901,"(42.88, -87.901)",Oak Creek,WI,WI1,45.2,45.7,43.5,1143.0,.5,1241.0,0.521,2384.0,2038.0,0.855,1947.0,0.955,0.0,0.0,0.0,0.0,91.0,0.045,0.0,0.0,0.0,0.0,346.0,0.1,0.0,0.0,0.0,0.0,0.0,0.0,0.0,0.0
39.709,-104.823,"(39.709, -104.823)",Aurora,CO,CO6,33.5,27.9,33.9,579.0,.5,549.0,0.48700000000000004,1128.0,1011.0,0.8959999999999999,304.0,0.301,530.0,0.524,0.0,0.0,73.0,0.07200000000000001,15.0,0.015,89.0,0.08800000000000001,117.0,0.1,0.0,0.0,89.0,0.08800000000000001,0.0,0.0,89.0,1.0
32.606,-85.49,"(32.606, -85.49)",Auburn,AL,AL3,19.5,19.6,19.5,1240.0,.4,2083.0,0.627,3323.0,3276.0,0.986,2872.0,0.877,252.0,0.077,7.0,0.002,119.0,0.036000000000000004,0.0,0.0,33.0,0.27699999999999997,47.0,0.0,0.0,0.0,26.0,0.008,7.0,0.26899999999999996,19.0,0.731
47.622,-122.324,"(47.622, -122.324)",Seattle,WA,WA7,35.1,34.7,35.8,811.0,.7,430.0,0.34600000000000003,1241.0,1221.0,0.9840000000000001,891.0,0.73,25.0,0.02,0.0,0.0,210.0,0.172,0.0,0.0,95.0,0.078,20.0,0.0,0.0,0.0,95.0,0.078,0.0,0.0,95.0,1.0
47.604,-122.33,"(47.604, -122.33)",Seattle,WA,WA7,41.4,41.7,36.9,1000.0,.7,395.0,0.28300000000000003,1395.0,1336.0,0.958,716.0,0.536,315.0,0.23600000000000002,99.0,0.07400000000000001,71.0,0.053,7.0,0.005,128.0,0.096,59.0,0.0,0.0,0.0,128.0,0.096,0.0,0.0,128.0,1.0
36.135,-95.913,"(36.135, -95.913)",Tulsa,OK,OK1,36.3,33.2,38.7,553.0,.5,612.0,0.525,1165.0,1144.0,0.982,893.0,0.7809999999999999,72.0,0.063,58.0,0.051,45.0,0.039,0.0,0.0,76.0,0.066,21.0,0.0,0.0,0.0,76.0,0.066,0.0,0.0,76.0,1.0
37.804,-122.271,"(37.804, -122.271)",Oakland,CA,CA13,38.3,37.6,41.3,721.0,.5,706.0,0.495,1427.0,1200.0,0.841,310.0,0.258,231.0,0.193,30.0,0.025,542.0,0.452,0.0,0.0,87.0,0.07300000000000001,227.0,0.2,25.0,0.021,62.0,0.052000000000000005,0.0,0.0,62.0,1.0
41.58,-81.208,"(41.58, -81.208)",Chardon,OH,OH14,40.4,30.7,47.6,656.0,.5,614.0,0.483,1270.0,1242.0,0.978,1242.0,1.0,0.0,0.0,0.0,0.0,0.0,0.0,0.0,0.0,0.0,0.0,28.0,0.0,0.0,0.0,0.0,0.0,0.0,0.0,0.0,0.0
33.941,-84.214,"(33.941, -84.214)",Norcross,GA,GA7,33.6,32.7,33.8,468.0,.4,641.0,0.578,1109.0,1008.0,0.909,510.0,0.506,312.0,0.31,0.0,0.0,178.0,0.177,0.0,0.0,8.0,0.008,101.0,0.1,8.0,0.008,0.0,0.0,0.0,0.0,0.0,0.0
33.528,-86.796,"(33.528, -86.796)",Birmingham,AL,AL7,31.9,32.4,31.8,404.0,.7,143.0,0.261,547.0,541.0,0.9890000000000001,279.0,0.516,217.0,0.401,18.0,0.033,0.0,0.0,0.0,0.0,27.0,0.05,6.0,0.0,0.0,0.0,27.0,0.05,0.0,0.0,27.0,1.0
33.754,-118.072,"(33.754, -118.072)",Westminster,CA,CA48,26.2,25.6,27.1,314.0,.5,259.0,0.452,573.0,384.0,0.67,200.0,0.521,109.0,0.284,8.0,0.021,13.0,0.034,0.0,0.0,54.0,0.14,189.0,0.3,4.0,0.01,50.0,0.13,0.0,0.0,50.0,1.0
39.164,-119.767,"(39.164, -119.767)",Carson City,NV,NV2,55.2,55.7,54.8,490.0,.5,481.0,0.495,971.0,862.0,0.888,856.0,0.993,6.0,0.006999999999999999,0.0,0.0,0.0,0.0,0.0,0.0,0.0,0.0,109.0,0.1,0.0,0.0,0.0,0.0,0.0,0.0,0.0,0.0
42.969,-85.66,"(42.969, -85.66)",Grand Rapids,MI,MI3,27.3,27.8,26.9,468.0,.5,481.0,0.507,949.0,854.0,0.9,770.0,0.902,43.0,0.05,0.0,0.0,41.0,0.048,0.0,0.0,0.0,0.0,95.0,0.1,0.0,0.0,0.0,0.0,0.0,0.0,0.0,0.0
32.662,-85.377,"(32.662, -85.377)",Opelika,AL,AL3,38.4,38.8,38.0,704.0,.5,862.0,0.55,1566.0,1566.0,1.0,1152.0,0.736,414.0,0.264,0.0,0.0,0.0,0.0,0.0,0.0,0.0,0.0,0.0,0.0,0.0,0.0,0.0,0.0,0.0,0.0,0.0,0.0
41.099,-80.646,"(41.099, -80.646)",Youngstown,OH,OH13,48.4,38.3,58.7,783.0,.7,389.0,0.332,1172.0,1078.0,0.92,456.0,0.423,562.0,0.521,25.0,0.023,9.0,0.008,0.0,0.0,26.0,0.024,94.0,0.1,0.0,0.0,26.0,0.024,0.0,0.0,26.0,1.0
32.222,-110.926,"(32.222, -110.926)",Tucson,AZ,AZ2,48.9,51.9,48.3,316.0,.5,331.0,0.512,647.0,531.0,0.821,494.0,0.93,0.0,0.0,0.0,0.0,31.0,0.057999999999999996,0.0,0.0,6.0,0.011000000000000001,116.0,0.2,0.0,0.0,6.0,0.011000000000000001,0.0,0.0,6.0,1.0
41.776,-72.521,"(41.776, -72.521)",Manchester,CT,CT1,31.8,31.7,34.2,468.0,.4,576.0,0.552,1044.0,924.0,0.885,358.0,0.387,530.0,0.574,0.0,0.0,36.0,0.039,0.0,0.0,0.0,0.0,120.0,0.1,0.0,0.0,0.0,0.0,0.0,0.0,0.0,0.0
34.728,-86.672,"(34.728, -86.672)",Huntsville,AL,AL5,43.1,50.8,33.2,539.0,.4,944.0,0.637,1483.0,1470.0,0.991,854.0,0.581,433.0,0.295,40.0,0.027000000000000003,102.0,0.069,0.0,0.0,62.0,0.54,13.0,0.0,0.0,0.0,41.0,0.027999999999999997,21.0,0.512,20.0,0.488
47.156,-122.437,"(47.156, -122.437)",Tacoma,WA,WA10,30.5,25.7,30.7,432.0,.5,467.0,0.519,899.0,837.0,0.9309999999999999,504.0,0.602,168.0,0.201,0.0,0.0,35.0,0.042,76.0,0.091,54.0,0.065,62.0,0.1,0.0,0.0,54.0,0.065,0.0,0.0,54.0,1.0
47.163,-122.53,"(47.163, -122.53)",Lakewood,WA,WA10,35.2,29.7,44.3,531.0,.4,746.0,0.584,1277.0,1074.0,0.841,643.0,0.599,127.0,0.11800000000000001,43.0,0.04,224.0,0.209,0.0,0.0,37.0,0.034,203.0,0.2,0.0,0.0,37.0,0.034,0.0,0.0,37.0,1.0
31.138,-97.778,"(31.138, -97.778)",Fort Hood,TX,TX25,0.0,0.0,0.0,0.0,an,0.0,0.0,0.0,0.0,0.0,0.0,0.0,0.0,0.0,0.0,0.0,0.0,0.0,0.0,0.0,0.0,0.0,0.0,nan,0.0,0.0,0.0,0.0,0.0,0.0,0.0,0.0
42.099,-75.918,"(42.099, -75.918)",Binghamton,NY,NY22,24.8,23.0,28.8,374.0,.7,191.0,0.33799999999999997,565.0,469.0,0.83,292.0,0.623,0.0,0.0,0.0,0.0,177.0,0.377,0.0,0.0,0.0,0.0,96.0,0.2,0.0,0.0,0.0,0.0,0.0,0.0,0.0,0.0
35.346,-79.417,"(35.346, -79.417)",Carthage,NC,NC8,42.6,45.5,42.4,501.0,.4,679.0,0.575,1180.0,1172.0,0.993,836.0,0.713,304.0,0.259,0.0,0.0,0.0,0.0,0.0,0.0,32.0,0.027000000000000003,8.0,0.0,0.0,0.0,32.0,0.027000000000000003,0.0,0.0,32.0,1.0
37.365,-121.968,"(37.365, -121.968)",Santa Clara,CA,CA17,36.0,38.9,33.7,1364.0,.5,1557.0,0.5329999999999999,2921.0,2402.0,0.8220000000000001,1059.0,0.441,154.0,0.064,0.0,0.0,1062.0,0.442,26.0,0.011000000000000001,101.0,0.042,519.0,0.2,0.0,0.0,101.0,0.042,0.0,0.0,101.0,1.0
35.34,-79.414,"(35.34, -79.414)",Carthage,NC,NC8,48.0,42.5,51.7,754.0,.5,844.0,0.528,1598.0,1527.0,0.956,1316.0,0.862,119.0,0.078,0.0,0.0,47.0,0.031,0.0,0.0,45.0,0.028999999999999998,71.0,0.0,0.0,0.0,45.0,0.028999999999999998,0.0,0.0,45.0,1.0
31.044,-85.876,"(31.044, -85.876)",Geneva,AL,AL2,34.7,45.6,32.1,321.0,.5,377.0,0.54,698.0,698.0,1.0,468.0,0.67,230.0,0.33,0.0,0.0,0.0,0.0,0.0,0.0,0.0,0.0,0.0,0.0,0.0,0.0,0.0,0.0,0.0,0.0,0.0,0.0
34.09,-117.882,"(34.09, -117.882)",Covina,CA,CA32,39.6,37.8,46.1,551.0,.5,612.0,0.526,1163.0,385.0,0.331,264.0,0.6859999999999999,0.0,0.0,0.0,0.0,37.0,0.096,0.0,0.0,84.0,0.218,778.0,0.7,84.0,0.218,0.0,0.0,0.0,0.0,0.0,0.0
35.081,-92.433,"(35.081, -92.433)",Conway,AR,AR2,35.9,33.9,41.7,499.0,.6,322.0,0.392,821.0,643.0,0.7829999999999999,436.0,0.6779999999999999,130.0,0.20199999999999999,0.0,0.0,5.0,0.008,0.0,0.0,72.0,0.11199999999999999,178.0,0.2,0.0,0.0,72.0,0.11199999999999999,0.0,0.0,72.0,1.0
33.571,-112.09,"(33.571, -112.09)",Phoenix,AZ,AZ9,27.2,29.7,25.2,989.0,.5,904.0,0.478,1893.0,652.0,0.344,383.0,0.5870000000000001,151.0,0.23199999999999998,29.0,0.044000000000000004,22.0,0.034,0.0,0.0,67.0,0.102,1241.0,0.7,10.0,0.015,57.0,0.087,0.0,0.0,57.0,1.0
37.84,-87.579,"(37.84, -87.579)",Henderson,KY,KY1,74.0,64.8,76.9,340.0,.5,380.0,0.528,720.0,701.0,0.9740000000000001,587.0,0.8370000000000001,28.0,0.04,8.0,0.011000000000000001,0.0,0.0,0.0,0.0,78.0,0.111,19.0,0.0,0.0,0.0,78.0,0.111,0.0,0.0,78.0,1.0
41.929,-88.75,"(41.929, -88.75)",Dekalb,IL,IL16,55.7,55.6,55.9,148.0,.5,151.0,0.505,299.0,299.0,1.0,258.0,0.863,31.0,0.10400000000000001,0.0,0.0,0.0,0.0,0.0,0.0,10.0,0.033,0.0,0.0,0.0,0.0,10.0,0.033,0.0,0.0,10.0,1.0
38.579,-90.42,"(38.579, -90.42)",Saint Louis,MO,MO2,38.6,38.2,41.8,407.0,.4,524.0,0.563,931.0,896.0,0.9620000000000001,775.0,0.865,69.0,0.077,0.0,0.0,52.0,0.057999999999999996,0.0,0.0,0.0,0.0,35.0,0.0,0.0,0.0,0.0,0.0,0.0,0.0,0.0,0.0
47.646,-121.909,"(47.646, -121.909)",Carnation,WA,WA1,34.9,34.9,34.8,323.0,.4,519.0,0.616,842.0,634.0,0.753,574.0,0.905,5.0,0.008,0.0,0.0,0.0,0.0,4.0,0.006,51.0,0.08,208.0,0.2,0.0,0.0,51.0,0.08,0.0,0.0,51.0,1.0
36.189,-115.326,"(36.189, -115.326)",Las Vegas,NV,NV3,36.8,42.7,32.9,871.0,.5,858.0,0.496,1729.0,1481.0,0.857,1122.0,0.758,80.0,0.054000000000000006,28.0,0.019,187.0,0.126,0.0,0.0,64.0,0.043000000000000003,248.0,0.1,16.0,0.011000000000000001,48.0,0.032,0.0,0.0,48.0,1.0
39.811,-105.174,"(39.811, -105.174)",Arvada,CO,CO7,40.8,40.2,42.9,1148.0,.5,1117.0,0.493,2265.0,2189.0,0.966,2079.0,0.95,0.0,0.0,26.0,0.012,58.0,0.026000000000000002,0.0,0.0,47.0,0.82,76.0,0.0,0.0,0.0,26.0,0.012,21.0,0.8079999999999999,5.0,0.192
41.259,-95.938,"(41.259, -95.938)",Omaha,NE,NE2,31.5,33.6,29.8,1524.0,.7,609.0,0.28600000000000003,2133.0,1605.0,0.752,950.0,0.5920000000000001,544.0,0.33899999999999997,27.0,0.017,18.0,0.011000000000000001,0.0,0.0,66.0,0.040999999999999995,528.0,0.2,0.0,0.0,66.0,0.040999999999999995,0.0,0.0,66.0,1.0
43.419,-83.95,"(43.419, -83.95)",Saginaw,MI,MI5,53.1,50.8,53.5,223.0,.5,186.0,0.455,409.0,401.0,0.98,80.0,0.2,311.0,0.7759999999999999,0.0,0.0,0.0,0.0,0.0,0.0,10.0,0.025,8.0,0.0,0.0,0.0,10.0,0.025,0.0,0.0,10.0,1.0
41.477,-81.681,"(41.477, -81.681)",Cleveland,OH,OH11,27.9,28.7,27.3,318.0,.5,377.0,0.542,695.0,628.0,0.904,145.0,0.231,452.0,0.72,18.0,0.028999999999999998,6.0,0.01,0.0,0.0,7.0,0.011000000000000001,67.0,0.1,0.0,0.0,7.0,0.011000000000000001,0.0,0.0,7.0,1.0
45.572,-88.903,"(45.572, -88.903)",Crandon,WI,WI7,42.3,36.6,46.3,724.0,.6,582.0,0.446,1306.0,1283.0,0.982,1111.0,0.866,11.0,0.009000000000000001,110.0,0.086,0.0,0.0,0.0,0.0,51.0,0.04,23.0,0.0,0.0,0.0,51.0,0.04,0.0,0.0,51.0,1.0
37.23,-80.414,"(37.23, -80.414)",Blacksburg,VA,VA9,24.1,24.0,27.5,826.0,.6,588.0,0.41600000000000004,1414.0,1387.0,0.981,1257.0,0.9059999999999999,13.0,0.009000000000000001,0.0,0.0,46.0,0.033,0.0,0.0,71.0,0.051,27.0,0.0,0.0,0.0,71.0,0.051,0.0,0.0,71.0,1.0
45.502,-122.441,"(45.502, -122.441)",Gresham,OR,OR3,43.0,37.9,46.8,1514.0,.5,1717.0,0.531,3231.0,2800.0,0.867,2406.0,0.8590000000000001,47.0,0.017,0.0,0.0,92.0,0.033,0.0,0.0,255.0,0.091,431.0,0.1,0.0,0.0,255.0,0.091,0.0,0.0,255.0,1.0
40.778,-111.931,"(40.778, -111.931)",Salt Lake City,UT,UT2,30.0,26.6,31.8,1050.0,.5,881.0,0.456,1931.0,1014.0,0.525,793.0,0.782,76.0,0.075,23.0,0.023,0.0,0.0,122.0,0.12,0.0,0.0,917.0,0.5,0.0,0.0,0.0,0.0,0.0,0.0,0.0,0.0
39.959,-76.081,"(39.959, -76.081)",Paradise,PA,PA11,27.8,27.4,27.9,899.0,.5,897.0,0.499,1796.0,1643.0,0.915,1595.0,0.971,0.0,0.0,0.0,0.0,34.0,0.021,0.0,0.0,14.0,0.009000000000000001,153.0,0.1,0.0,0.0,14.0,0.009000000000000001,0.0,0.0,14.0,1.0
40.042,-76.301,"(40.042, -76.301)",Lancaster,PA,PA11,30.4,31.4,28.2,781.0,.4,1073.0,0.579,1854.0,806.0,0.435,540.0,0.67,151.0,0.187,0.0,0.0,103.0,0.128,0.0,0.0,24.0,1.015,1048.0,0.6,0.0,0.0,12.0,0.015,12.0,1.0,0.0,0.0
40.439,-79.976,"(40.439, -79.976)",Pittsburgh,PA,PA18,14.0,5.5,29.9,96.0,.6,74.0,0.435,170.0,170.0,1.0,0.0,0.0,170.0,1.0,0.0,0.0,0.0,0.0,0.0,0.0,0.0,0.0,0.0,0.0,0.0,0.0,0.0,0.0,0.0,0.0,0.0,0.0
36.041,-79.097,"(36.041, -79.097)",Hillsborough,NC,NC4,38.8,38.9,38.7,1907.0,.5,1986.0,0.51,3893.0,3559.0,0.914,2782.0,0.782,564.0,0.158,0.0,0.0,61.0,0.017,0.0,0.0,163.0,0.127,334.0,0.1,21.0,0.006,131.0,0.037000000000000005,11.0,0.084,120.0,0.9159999999999999
44.49,-73.114,"(44.49, -73.114)",Essex Junction,VT,VT0,48.5,47.4,50.2,540.0,.5,610.0,0.53,1150.0,1150.0,1.0,1128.0,0.981,0.0,0.0,0.0,0.0,0.0,0.0,0.0,0.0,22.0,0.019,0.0,0.0,0.0,0.0,22.0,0.019,0.0,0.0,22.0,1.0
47.623,-122.316,"(47.623, -122.316)",Seattle,WA,WA7,32.5,32.2,32.9,811.0,.5,837.0,0.508,1648.0,1522.0,0.924,1164.0,0.765,47.0,0.031,19.0,0.012,153.0,0.10099999999999999,0.0,0.0,139.0,0.091,126.0,0.1,0.0,0.0,139.0,0.091,0.0,0.0,139.0,1.0
34.436,-119.859,"(34.436, -119.859)",Goleta,CA,CA24,56.6,56.1,57.5,374.0,.4,492.0,0.568,866.0,639.0,0.738,515.0,0.8059999999999999,21.0,0.033,0.0,0.0,74.0,0.11599999999999999,0.0,0.0,29.0,0.045,227.0,0.3,0.0,0.0,29.0,0.045,0.0,0.0,29.0,1.0
47.871,-95.005,"(47.871, -95.005)",Red Lake,MN,MN7,22.3,24.7,19.5,1099.0,.5,1234.0,0.529,2333.0,2308.0,0.9890000000000001,55.0,0.024,0.0,0.0,2253.0,0.976,0.0,0.0,0.0,0.0,0.0,0.0,25.0,0.0,0.0,0.0,0.0,0.0,0.0,0.0,0.0,0.0
43.064,-88.123,"(43.064, -88.123)",Brookfield,WI,WI5,46.9,47.5,44.2,508.0,.5,589.0,0.537,1097.0,1065.0,0.971,721.0,0.677,0.0,0.0,0.0,0.0,314.0,0.295,11.0,0.01,19.0,0.018000000000000002,32.0,0.0,0.0,0.0,19.0,0.018000000000000002,0.0,0.0,19.0,1.0
32.315,-95.305,"(32.315, -95.305)",Tyler,TX,TX1,39.0,30.3,48.1,743.0,.5,862.0,0.537,1605.0,1539.0,0.9590000000000001,1239.0,0.805,277.0,0.18,0.0,0.0,0.0,0.0,0.0,0.0,23.0,0.015,66.0,0.0,0.0,0.0,23.0,0.015,0.0,0.0,23.0,1.0
39.989,-82.989,"(39.989, -82.989)",Columbus,OH,OH3,30.2,40.9,24.8,536.0,.6,389.0,0.42100000000000004,925.0,866.0,0.9359999999999999,100.0,0.115,694.0,0.8009999999999999,0.0,0.0,0.0,0.0,0.0,0.0,72.0,0.083,59.0,0.1,34.0,0.039,38.0,0.044000000000000004,0.0,0.0,38.0,1.0
45.658,-91.551,"(45.658, -91.551)",Birchwood,WI,WI7,50.3,49.7,50.7,270.0,.5,259.0,0.49,529.0,526.0,0.9940000000000001,515.0,0.9790000000000001,0.0,0.0,4.0,0.008,0.0,0.0,0.0,0.0,7.0,0.013000000000000001,3.0,0.0,0.0,0.0,7.0,0.013000000000000001,0.0,0.0,7.0,1.0
41.839,-87.688,"(41.839, -87.688)",Chicago,IL,IL4,41.6,44.4,41.3,719.0,.6,562.0,0.439,1281.0,262.0,0.205,120.0,0.45799999999999996,65.0,0.248,0.0,0.0,10.0,0.038,0.0,0.0,67.0,0.256,1019.0,0.8,0.0,0.0,67.0,0.256,0.0,0.0,67.0,1.0
32.376,-88.69,"(32.376, -88.69)",Meridian,MS,MS3,23.4,19.0,23.9,658.0,.6,490.0,0.42700000000000005,1148.0,1148.0,1.0,0.0,0.0,1148.0,1.0,0.0,0.0,0.0,0.0,0.0,0.0,0.0,0.0,0.0,0.0,0.0,0.0,0.0,0.0,0.0,0.0,0.0,0.0
41.477,-81.681,"(41.477, -81.681)",Cleveland,OH,OH11,27.9,28.7,27.3,318.0,.5,377.0,0.542,695.0,628.0,0.904,145.0,0.231,452.0,0.72,18.0,0.028999999999999998,6.0,0.01,0.0,0.0,7.0,0.011000000000000001,67.0,0.1,0.0,0.0,7.0,0.011000000000000001,0.0,0.0,7.0,1.0
32.154,-110.968,"(32.154, -110.968)",Tucson,AZ,AZ3,40.1,44.2,40.0,398.0,.6,291.0,0.42200000000000004,689.0,98.0,0.142,72.0,0.735,0.0,0.0,0.0,0.0,19.0,0.19399999999999998,0.0,0.0,7.0,0.071,591.0,0.9,0.0,0.0,7.0,0.071,0.0,0.0,7.0,1.0
37.275,-82.099,"(37.275, -82.099)",Grundy,VA,VA9,41.3,37.4,46.3,573.0,.5,519.0,0.475,1092.0,1092.0,1.0,1033.0,0.946,55.0,0.05,4.0,0.004,0.0,0.0,0.0,0.0,0.0,0.0,0.0,0.0,0.0,0.0,0.0,0.0,0.0,0.0,0.0,0.0
32.864,-117.128,"(32.864, -117.128)",San Diego,CA,CA52,21.3,21.4,20.8,3281.0,.7,1284.0,0.281,4565.0,3344.0,0.733,2593.0,0.775,276.0,0.083,88.0,0.026000000000000002,117.0,0.035,3.0,0.001,267.0,0.08000000000000002,1221.0,0.3,27.0,0.008,240.0,0.07200000000000001,0.0,0.0,240.0,1.0
41.903,-87.864,"(41.903, -87.864)",Melrose Park,IL,IL4,31.9,27.8,38.2,872.0,.6,647.0,0.426,1519.0,412.0,0.271,374.0,0.9079999999999999,38.0,0.092,0.0,0.0,0.0,0.0,0.0,0.0,0.0,0.0,1107.0,0.7,0.0,0.0,0.0,0.0,0.0,0.0,0.0,0.0
42.506,-71.073,"(42.506, -71.073)",Wakefield,MA,MA6,49.5,47.9,53.5,561.0,.5,596.0,0.515,1157.0,1151.0,0.995,1127.0,0.9790000000000001,7.0,0.006,0.0,0.0,0.0,0.0,0.0,0.0,17.0,0.015,6.0,0.0,0.0,0.0,17.0,0.015,0.0,0.0,17.0,1.0
27.996,-82.445,"(27.996, -82.445)",Tampa,FL,FL14,40.9,43.7,35.8,535.0,.5,507.0,0.48700000000000004,1042.0,651.0,0.625,438.0,0.6729999999999999,180.0,0.276,0.0,0.0,9.0,0.013999999999999999,0.0,0.0,35.0,0.495,391.0,0.4,0.0,0.0,24.0,0.037000000000000005,11.0,0.45799999999999996,13.0,0.542
35.777,-95.26,"(35.777, -95.26)",Fort Gibson,OK,OK2,33.7,32.5,34.2,816.0,.4,1154.0,0.586,1970.0,1948.0,0.9890000000000001,1170.0,0.601,69.0,0.035,599.0,0.307,0.0,0.0,0.0,0.0,110.0,0.055999999999999994,22.0,0.0,0.0,0.0,110.0,0.055999999999999994,0.0,0.0,110.0,1.0
21.326,-157.847,"(21.326, -157.847)",Honolulu,HI,HI1,49.3,41.9,53.5,1127.0,.5,1045.0,0.48100000000000004,2172.0,2038.0,0.938,352.0,0.17300000000000001,103.0,0.051,0.0,0.0,887.0,0.435,140.0,0.069,556.0,0.273,134.0,0.1,0.0,0.0,556.0,0.273,0.0,0.0,556.0,1.0
32.748,-97.313,"(32.748, -97.313)",Fort Worth,TX,TX12,35.0,41.8,27.5,979.0,.5,1037.0,0.514,2016.0,1661.0,0.8240000000000001,442.0,0.266,1103.0,0.664,0.0,0.0,30.0,0.018000000000000002,6.0,0.004,80.0,0.048,355.0,0.2,0.0,0.0,80.0,0.048,0.0,0.0,80.0,1.0
33.763,-84.423,"(33.763, -84.423)",Atlanta,GA,GA5,29.7,30.1,29.3,734.0,.5,747.0,0.504,1481.0,1477.0,0.997,67.0,0.045,1405.0,0.951,0.0,0.0,0.0,0.0,0.0,0.0,5.0,0.003,4.0,0.0,0.0,0.0,5.0,0.003,0.0,0.0,5.0,1.0
33.661,-84.027,"(33.661, -84.027)",Conyers,GA,GA4,34.0,22.8,36.8,1233.0,.5,1408.0,0.5329999999999999,2641.0,2198.0,0.8320000000000001,401.0,0.182,1671.0,0.76,0.0,0.0,126.0,0.057,0.0,0.0,0.0,0.0,443.0,0.2,0.0,0.0,0.0,0.0,0.0,0.0,0.0,0.0
39.594,-105.015,"(39.594, -105.015)",Littleton,CO,CO6,43.7,46.5,40.5,871.0,.5,965.0,0.526,1836.0,1720.0,0.937,1720.0,1.0,0.0,0.0,0.0,0.0,0.0,0.0,0.0,0.0,0.0,0.0,116.0,0.1,0.0,0.0,0.0,0.0,0.0,0.0,0.0,0.0
33.938,-117.395,"(33.938, -117.395)",Riverside,CA,CA41,30.6,20.2,36.1,1060.0,.6,854.0,0.446,1914.0,1091.0,0.57,939.0,0.861,0.0,0.0,77.0,0.071,75.0,0.069,0.0,0.0,0.0,0.0,823.0,0.4,0.0,0.0,0.0,0.0,0.0,0.0,0.0,0.0
44.055,-123.008,"(44.055, -123.008)",Springfield,OR,OR4,34.6,35.3,32.7,421.0,.4,675.0,0.616,1096.0,1032.0,0.9420000000000001,859.0,0.8320000000000001,20.0,0.019,0.0,0.0,107.0,0.10400000000000001,0.0,0.0,46.0,0.045,64.0,0.1,0.0,0.0,46.0,0.045,0.0,0.0,46.0,1.0
41.876,-80.125,"(41.876, -80.125)",Edinboro,PA,PA16,22.2,21.8,34.4,565.0,.6,414.0,0.423,979.0,769.0,0.785,656.0,0.853,86.0,0.11199999999999999,0.0,0.0,27.0,0.035,0.0,0.0,0.0,0.0,210.0,0.2,0.0,0.0,0.0,0.0,0.0,0.0,0.0,0.0
35.821,-90.668,"(35.821, -90.668)",Jonesboro,AR,AR1,29.4,18.6,31.4,696.0,.4,1026.0,0.596,1722.0,1686.0,0.9790000000000001,615.0,0.365,1071.0,0.635,0.0,0.0,0.0,0.0,0.0,0.0,0.0,0.0,36.0,0.0,0.0,0.0,0.0,0.0,0.0,0.0,0.0,0.0
41.687,-72.731,"(41.687, -72.731)",Newington,CT,CT1,44.6,43.5,45.4,834.0,.5,1001.0,0.546,1835.0,1563.0,0.852,1340.0,0.857,28.0,0.018000000000000002,0.0,0.0,116.0,0.07400000000000001,0.0,0.0,79.0,0.051,272.0,0.1,0.0,0.0,79.0,0.051,0.0,0.0,79.0,1.0
43.064,-87.967,"(43.064, -87.967)",Milwaukee,WI,WI4,20.9,16.2,32.5,500.0,.5,562.0,0.529,1062.0,1005.0,0.946,98.0,0.098,706.0,0.7020000000000001,0.0,0.0,166.0,0.165,0.0,0.0,35.0,0.035,57.0,0.1,0.0,0.0,35.0,0.035,0.0,0.0,35.0,1.0
33.789,-117.82,"(33.789, -117.82)",Orange,CA,CA45,30.8,29.2,33.3,1263.0,.5,1157.0,0.478,2420.0,962.0,0.39799999999999996,797.0,0.828,37.0,0.038,10.0,0.01,60.0,0.062,0.0,0.0,58.0,0.06,1458.0,0.6,0.0,0.0,58.0,0.06,0.0,0.0,58.0,1.0
37.085,-88.744,"(37.085, -88.744)",West Paducah,KY,KY1,50.6,50.6,50.0,316.0,.5,381.0,0.547,697.0,697.0,1.0,685.0,0.983,0.0,0.0,0.0,0.0,0.0,0.0,0.0,0.0,12.0,0.017,0.0,0.0,0.0,0.0,12.0,0.017,0.0,0.0,12.0,1.0
32.275,-90.095,"(32.275, -90.095)",Pearl,MS,MS3,36.1,38.1,36.1,474.0,.4,694.0,0.594,1168.0,1168.0,1.0,1168.0,1.0,0.0,0.0,0.0,0.0,0.0,0.0,0.0,0.0,0.0,0.0,0.0,0.0,0.0,0.0,0.0,0.0,0.0,0.0,0.0,0.0
33.475,-81.726,"(33.475, -81.726)",Aiken,SC,SC2,60.1,58.8,60.2,1071.0,.4,1420.0,0.57,2491.0,2480.0,0.996,1805.0,0.728,621.0,0.25,18.0,0.006999999999999999,36.0,0.015,0.0,0.0,0.0,0.0,11.0,0.0,0.0,0.0,0.0,0.0,0.0,0.0,0.0,0.0
60.791,-161.793,"(60.791, -161.793)",Bethel,AK,AK0,33.6,34.3,33.2,918.0,.5,844.0,0.479,1762.0,1719.0,0.976,466.0,0.271,36.0,0.021,922.0,0.536,103.0,0.06,1.0,0.001,191.0,0.111,43.0,0.0,0.0,0.0,191.0,0.111,0.0,0.0,191.0,1.0
32.864,-117.128,"(32.864, -117.128)",San Diego,CA,CA52,21.3,21.4,20.8,3281.0,.7,1284.0,0.281,4565.0,3344.0,0.733,2593.0,0.775,276.0,0.083,88.0,0.026000000000000002,117.0,0.035,3.0,0.001,267.0,0.08000000000000002,1221.0,0.3,27.0,0.008,240.0,0.07200000000000001,0.0,0.0,240.0,1.0
26.122,-80.143,"(26.122, -80.143)",Fort Lauderdale,FL,FL22,36.4,36.1,37.0,1834.0,.6,1363.0,0.426,3197.0,2263.0,0.708,1739.0,0.768,448.0,0.198,0.0,0.0,41.0,0.018000000000000002,0.0,0.0,35.0,0.016,934.0,0.3,17.0,0.008,18.0,0.008,0.0,0.0,18.0,1.0
47.122,-119.275,"(47.122, -119.275)",Moses Lake,WA,WA4,33.2,26.0,37.1,1741.0,.5,2083.0,0.545,3824.0,2583.0,0.675,2147.0,0.831,0.0,0.0,0.0,0.0,304.0,0.11800000000000001,0.0,0.0,132.0,0.051,1241.0,0.3,15.0,0.006,117.0,0.045,0.0,0.0,117.0,1.0
35.378,-87.006,"(35.378, -87.006)",Lynnville,TN,TN7,40.9,40.5,45.7,651.0,.4,971.0,0.599,1622.0,1612.0,0.9940000000000001,1524.0,0.945,64.0,0.04,0.0,0.0,18.0,0.011000000000000001,0.0,0.0,6.0,0.004,10.0,0.0,0.0,0.0,6.0,0.004,0.0,0.0,6.0,1.0
27.739,-97.431,"(27.739, -97.431)",Corpus Christi,TX,TX27,36.9,33.6,43.1,549.0,.5,635.0,0.536,1184.0,67.0,0.057,0.0,0.0,67.0,1.0,0.0,0.0,0.0,0.0,0.0,0.0,0.0,0.0,1117.0,0.9,0.0,0.0,0.0,0.0,0.0,0.0,0.0,0.0
40.826,-74.209,"(40.826, -74.209)",Montclair,NJ,NJ10,41.2,41.7,41.1,305.0,.5,329.0,0.519,634.0,540.0,0.852,461.0,0.8540000000000001,8.0,0.015,0.0,0.0,26.0,0.048,0.0,0.0,45.0,0.083,94.0,0.1,0.0,0.0,45.0,0.083,0.0,0.0,45.0,1.0
35.927,-79.039,"(35.927, -79.039)",Chapel Hill,NC,NC4,37.0,44.7,25.9,807.0,.4,1016.0,0.557,1823.0,1736.0,0.9520000000000001,1390.0,0.8009999999999999,58.0,0.033,0.0,0.0,136.0,0.078,0.0,0.0,152.0,0.087,87.0,0.0,72.0,0.040999999999999995,80.0,0.046,0.0,0.0,80.0,1.0
42.324,-71.141,"(42.324, -71.141)",Brookline,MA,MA4,47.0,47.2,46.9,577.0,.4,794.0,0.579,1371.0,1298.0,0.9470000000000001,938.0,0.723,55.0,0.042,0.0,0.0,200.0,0.154,0.0,0.0,132.0,0.391,73.0,0.1,18.0,0.013999999999999999,87.0,0.067,27.0,0.31,60.0,0.69
41.607,-81.469,"(41.607, -81.469)",Wickliffe,OH,OH14,50.1,43.2,53.2,1284.0,.5,1116.0,0.465,2400.0,2379.0,0.991,2034.0,0.855,233.0,0.098,0.0,0.0,0.0,0.0,0.0,0.0,112.0,0.047,21.0,0.0,60.0,0.025,52.0,0.022000000000000002,0.0,0.0,52.0,1.0
47.618,-117.644,"(47.618, -117.644)",Fairchild Afb,WA,WA5,22.7,21.8,23.6,1763.0,.6,1355.0,0.435,3118.0,2711.0,0.8690000000000001,2071.0,0.764,394.0,0.145,9.0,0.003,39.0,0.013999999999999999,0.0,0.0,198.0,0.073,407.0,0.1,0.0,0.0,198.0,0.073,0.0,0.0,198.0,1.0
38.951,-84.671,"(38.951, -84.671)",Union,KY,KY4,41.4,37.7,42.8,3665.0,.5,3133.0,0.461,6798.0,6696.0,0.985,5827.0,0.87,199.0,0.03,0.0,0.0,341.0,0.051,0.0,0.0,329.0,0.049,102.0,0.0,0.0,0.0,329.0,0.049,0.0,0.0,329.0,1.0
42.313,-84.019,"(42.313, -84.019)",Chelsea,MI,MI7,48.1,43.5,54.7,890.0,.5,1012.0,0.532,1902.0,1848.0,0.972,1807.0,0.978,16.0,0.009000000000000001,0.0,0.0,7.0,0.004,0.0,0.0,18.0,0.01,54.0,0.0,0.0,0.0,18.0,0.01,0.0,0.0,18.0,1.0
39.699,-104.787,"(39.699, -104.787)",Aurora,CO,CO6,27.8,26.5,31.8,926.0,.6,608.0,0.396,1534.0,1097.0,0.715,387.0,0.353,554.0,0.505,0.0,0.0,98.0,0.08900000000000001,0.0,0.0,58.0,0.053,437.0,0.3,0.0,0.0,58.0,0.053,0.0,0.0,58.0,1.0
40.727,-73.645,"(40.727, -73.645)",Garden City,NY,NY4,66.2,67.1,66.1,397.0,.4,689.0,0.634,1086.0,1086.0,1.0,1046.0,0.963,0.0,0.0,0.0,0.0,40.0,0.037000000000000005,0.0,0.0,0.0,0.0,0.0,0.0,0.0,0.0,0.0,0.0,0.0,0.0,0.0,0.0
44.791,-106.96,"(44.791, -106.96)",Sheridan,WY,WY0,36.0,35.5,39.1,609.0,.5,663.0,0.521,1272.0,1161.0,0.9129999999999999,1141.0,0.983,0.0,0.0,20.0,0.017,0.0,0.0,0.0,0.0,0.0,0.0,111.0,0.1,0.0,0.0,0.0,0.0,0.0,0.0,0.0,0.0
35.08,-79.038,"(35.08, -79.038)",Fayetteville,NC,NC8,28.4,28.7,27.9,766.0,.4,954.0,0.555,1720.0,1487.0,0.865,453.0,0.305,822.0,0.5529999999999999,0.0,0.0,212.0,0.14300000000000002,0.0,0.0,0.0,0.0,233.0,0.1,0.0,0.0,0.0,0.0,0.0,0.0,0.0,0.0
41.228,-111.968,"(41.228, -111.968)",Ogden,UT,UT1,25.4,25.3,26.8,789.0,.6,601.0,0.43200000000000005,1390.0,715.0,0.514,653.0,0.9129999999999999,17.0,0.024,9.0,0.013000000000000001,19.0,0.027000000000000003,0.0,0.0,17.0,0.024,675.0,0.5,0.0,0.0,17.0,0.024,0.0,0.0,17.0,1.0
37.755,-122.442,"(37.755, -122.442)",San Francisco,CA,CA12,39.9,45.0,36.7,1321.0,.6,823.0,0.384,2144.0,1759.0,0.82,1368.0,0.778,47.0,0.027000000000000003,0.0,0.0,287.0,0.163,0.0,0.0,57.0,0.032,385.0,0.2,57.0,0.032,0.0,0.0,0.0,0.0,0.0,0.0
42.313,-83.213,"(42.313, -83.213)",Dearborn,MI,MI12,32.2,32.2,0.0,34.0,.0,0.0,0.0,34.0,34.0,1.0,0.0,0.0,24.0,0.706,0.0,0.0,0.0,0.0,0.0,0.0,20.0,1.294,0.0,0.0,0.0,0.0,10.0,0.294,10.0,1.0,0.0,0.0
33.473,-117.696,"(33.473, -117.696)",Dana Point,CA,CA49,51.9,54.7,49.6,510.0,.4,779.0,0.604,1289.0,1104.0,0.856,911.0,0.825,0.0,0.0,0.0,0.0,108.0,0.098,0.0,0.0,85.0,0.077,185.0,0.1,0.0,0.0,85.0,0.077,0.0,0.0,85.0,1.0
42.194,-73.362,"(42.194, -73.362)",Great Barrington,MA,MA1,56.1,56.2,55.0,235.0,.5,271.0,0.536,506.0,467.0,0.9229999999999999,467.0,1.0,0.0,0.0,0.0,0.0,0.0,0.0,0.0,0.0,0.0,0.0,39.0,0.1,0.0,0.0,0.0,0.0,0.0,0.0,0.0,0.0
42.38,-76.867,"(42.38, -76.867)",Watkins Glen,NY,NY23,39.7,35.5,47.2,451.0,.4,583.0,0.564,1034.0,972.0,0.94,914.0,0.94,0.0,0.0,0.0,0.0,36.0,0.037000000000000005,0.0,0.0,22.0,0.023,62.0,0.1,0.0,0.0,22.0,0.023,0.0,0.0,22.0,1.0
35.183,-101.881,"(35.183, -101.881)",Amarillo,TX,TX13,28.0,27.8,28.5,765.0,.5,664.0,0.465,1429.0,1136.0,0.795,617.0,0.5429999999999999,386.0,0.34,4.0,0.004,75.0,0.066,0.0,0.0,54.0,0.048,293.0,0.2,37.0,0.033,17.0,0.015,0.0,0.0,17.0,1.0
39.082,-121.555,"(39.082, -121.555)",Olivehurst,CA,CA3,32.4,33.7,27.1,805.0,.5,910.0,0.531,1715.0,1450.0,0.845,1067.0,0.736,20.0,0.013999999999999999,10.0,0.006999999999999999,183.0,0.126,0.0,0.0,170.0,0.11699999999999999,265.0,0.2,0.0,0.0,170.0,0.11699999999999999,0.0,0.0,170.0,1.0
42.508,-83.154,"(42.508, -83.154)",Royal Oak,MI,MI9,52.5,54.3,52.2,443.0,.6,339.0,0.434,782.0,782.0,1.0,782.0,1.0,0.0,0.0,0.0,0.0,0.0,0.0,0.0,0.0,0.0,0.0,0.0,0.0,0.0,0.0,0.0,0.0,0.0,0.0,0.0,0.0
41.656,-91.531,"(41.656, -91.531)",Iowa City,IA,IA2,21.0,21.0,21.0,1497.0,.6,1178.0,0.44,2675.0,2622.0,0.98,2152.0,0.821,31.0,0.012,0.0,0.0,371.0,0.141,0.0,0.0,68.0,0.026000000000000002,53.0,0.0,24.0,0.009000000000000001,44.0,0.017,0.0,0.0,44.0,1.0
31.079,-97.734,"(31.079, -97.734)",Killeen,TX,TX31,31.2,30.9,31.6,1639.0,.5,1988.0,0.5479999999999999,3627.0,2459.0,0.6779999999999999,968.0,0.39399999999999996,1248.0,0.508,43.0,0.017,69.0,0.027999999999999997,18.0,0.006999999999999999,113.0,0.046,1168.0,0.3,17.0,0.006999999999999999,96.0,0.039,0.0,0.0,96.0,1.0
40.982,-74.113,"(40.982, -74.113)",Ridgewood,NJ,NJ5,42.5,30.6,52.7,288.0,.5,294.0,0.505,582.0,539.0,0.9259999999999999,484.0,0.898,1.0,0.002,0.0,0.0,30.0,0.055999999999999994,0.0,0.0,24.0,0.045,43.0,0.1,0.0,0.0,24.0,0.045,0.0,0.0,24.0,1.0
33.571,-112.09,"(33.571, -112.09)",Phoenix,AZ,AZ9,27.2,29.7,25.2,989.0,.5,904.0,0.478,1893.0,652.0,0.344,383.0,0.5870000000000001,151.0,0.23199999999999998,29.0,0.044000000000000004,22.0,0.034,0.0,0.0,67.0,0.102,1241.0,0.7,10.0,0.015,57.0,0.087,0.0,0.0,57.0,1.0
30.332,-81.676,"(30.332, -81.676)",Jacksonville,FL,FL5,41.6,43.6,41.1,960.0,.5,1057.0,0.524,2017.0,1951.0,0.9670000000000001,849.0,0.435,764.0,0.392,0.0,0.0,181.0,0.09300000000000001,0.0,0.0,161.0,0.10500000000000001,66.0,0.0,0.0,0.0,157.0,0.08,4.0,0.025,153.0,0.975
38.249,-85.726,"(38.249, -85.726)",Louisville,KY,KY3,34.1,32.9,40.1,516.0,.5,590.0,0.5329999999999999,1106.0,1106.0,1.0,972.0,0.879,40.0,0.036000000000000004,0.0,0.0,4.0,0.004,0.0,0.0,90.0,0.081,0.0,0.0,0.0,0.0,90.0,0.081,0.0,0.0,90.0,1.0
33.134,-117.072,"(33.134, -117.072)",Escondido,CA,CA50,28.6,29.7,28.1,1348.0,.5,1466.0,0.521,2814.0,408.0,0.145,248.0,0.608,37.0,0.091,17.0,0.042,94.0,0.23,0.0,0.0,12.0,0.028999999999999998,2406.0,0.9,0.0,0.0,12.0,0.028999999999999998,0.0,0.0,12.0,1.0
37.966,-121.302,"(37.966, -121.302)",Stockton,CA,CA9,37.6,26.9,56.2,310.0,.5,358.0,0.536,668.0,393.0,0.588,147.0,0.374,203.0,0.517,0.0,0.0,9.0,0.023,0.0,0.0,34.0,0.087,275.0,0.4,0.0,0.0,34.0,0.087,0.0,0.0,34.0,1.0
30.069,-89.931,"(30.069, -89.931)",New Orleans,LA,LA2,34.9,37.2,34.8,548.0,.5,613.0,0.528,1161.0,1059.0,0.912,42.0,0.04,954.0,0.9009999999999999,0.0,0.0,63.0,0.059000000000000004,0.0,0.0,0.0,0.0,102.0,0.1,0.0,0.0,0.0,0.0,0.0,0.0,0.0,0.0
34.193,-82.154,"(34.193, -82.154)",Greenwood,SC,SC3,33.6,33.6,33.7,498.0,.5,572.0,0.535,1070.0,768.0,0.718,186.0,0.242,565.0,0.736,0.0,0.0,0.0,0.0,0.0,0.0,17.0,0.022000000000000002,302.0,0.3,0.0,0.0,17.0,0.022000000000000002,0.0,0.0,17.0,1.0
41.839,-87.688,"(41.839, -87.688)",Chicago,IL,IL4,41.6,44.4,41.3,719.0,.6,562.0,0.439,1281.0,262.0,0.205,120.0,0.45799999999999996,65.0,0.248,0.0,0.0,10.0,0.038,0.0,0.0,67.0,0.256,1019.0,0.8,0.0,0.0,67.0,0.256,0.0,0.0,67.0,1.0
42.106,-87.742,"(42.106, -87.742)",Winnetka,IL,IL9,41.8,23.4,45.7,640.0,.6,427.0,0.4,1067.0,1067.0,1.0,962.0,0.902,16.0,0.015,0.0,0.0,58.0,0.054000000000000006,0.0,0.0,31.0,0.028999999999999998,0.0,0.0,0.0,0.0,31.0,0.028999999999999998,0.0,0.0,31.0,1.0
37.383,-122.026,"(37.383, -122.026)",Sunnyvale,CA,CA17,36.2,37.0,33.8,697.0,.5,737.0,0.514,1434.0,727.0,0.507,410.0,0.564,0.0,0.0,0.0,0.0,306.0,0.42100000000000004,2.0,0.003,9.0,0.012,707.0,0.5,0.0,0.0,9.0,0.012,0.0,0.0,9.0,1.0
27.849,-82.711,"(27.849, -82.711)",Pinellas Park,FL,FL13,32.6,32.5,33.1,1219.0,.5,1076.0,0.469,2295.0,1958.0,0.853,1691.0,0.8640000000000001,55.0,0.027999999999999997,0.0,0.0,187.0,0.096,0.0,0.0,25.0,0.013000000000000001,337.0,0.1,0.0,0.0,25.0,0.013000000000000001,0.0,0.0,25.0,1.0
27.984,-80.667,"(27.984, -80.667)",Palm Bay,FL,FL8,41.6,41.6,41.5,1603.0,.5,1808.0,0.53,3411.0,2704.0,0.7929999999999999,1750.0,0.647,888.0,0.32799999999999996,0.0,0.0,54.0,0.02,0.0,0.0,12.0,0.004,707.0,0.2,0.0,0.0,12.0,0.004,0.0,0.0,12.0,1.0
47.037,-109.484,"(47.037, -109.484)",Garneill,MT,MT0,0.0,0.0,0.0,0.0,an,0.0,0.0,0.0,0.0,0.0,0.0,0.0,0.0,0.0,0.0,0.0,0.0,0.0,0.0,0.0,0.0,0.0,0.0,nan,0.0,0.0,0.0,0.0,0.0,0.0,0.0,0.0
35.669,-97.414,"(35.669, -97.414)",Edmond,OK,OK5,38.6,35.3,43.1,1463.0,.5,1357.0,0.48100000000000004,2820.0,2745.0,0.973,2525.0,0.92,21.0,0.008,98.0,0.036000000000000004,19.0,0.006999999999999999,0.0,0.0,82.0,0.030000000000000002,75.0,0.0,68.0,0.025,14.0,0.005,0.0,0.0,14.0,1.0
40.679,-73.94,"(40.679, -73.94)",Brooklyn,NY,NY8,34.2,32.4,34.6,952.0,.6,760.0,0.444,1712.0,1565.0,0.914,177.0,0.113,1164.0,0.7440000000000001,0.0,0.0,186.0,0.11900000000000001,0.0,0.0,38.0,0.025,147.0,0.1,23.0,0.015,15.0,0.01,0.0,0.0,15.0,1.0
33.763,-84.423,"(33.763, -84.423)",Atlanta,GA,GA5,29.7,30.1,29.3,734.0,.5,747.0,0.504,1481.0,1477.0,0.997,67.0,0.045,1405.0,0.951,0.0,0.0,0.0,0.0,0.0,0.0,5.0,0.003,4.0,0.0,0.0,0.0,5.0,0.003,0.0,0.0,5.0,1.0
37.671,-97.551,"(37.671, -97.551)",Goddard,KS,KS4,37.7,36.9,37.8,659.0,.5,725.0,0.524,1384.0,1221.0,0.882,1110.0,0.909,6.0,0.005,0.0,0.0,27.0,0.022000000000000002,10.0,0.008,68.0,0.055999999999999994,163.0,0.1,0.0,0.0,68.0,0.055999999999999994,0.0,0.0,68.0,1.0
32.556,-117.048,"(32.556, -117.048)",San Ysidro,CA,CA51,33.0,33.0,33.0,1125.0,.4,1406.0,0.556,2531.0,110.0,0.043,81.0,0.736,29.0,0.264,0.0,0.0,0.0,0.0,0.0,0.0,0.0,0.0,2421.0,1.0,0.0,0.0,0.0,0.0,0.0,0.0,0.0,0.0
32.795,-96.766,"(32.795, -96.766)",Dallas,TX,TX32,34.5,35.7,34.0,268.0,.5,259.0,0.491,527.0,175.0,0.332,109.0,0.623,61.0,0.349,5.0,0.028999999999999998,0.0,0.0,0.0,0.0,0.0,0.0,352.0,0.7,0.0,0.0,0.0,0.0,0.0,0.0,0.0,0.0
34.176,-118.54,"(34.176, -118.54)",Tarzana,CA,CA30,34.1,34.5,32.8,1488.0,.5,1599.0,0.518,3087.0,1827.0,0.5920000000000001,1294.0,0.708,261.0,0.14300000000000002,0.0,0.0,167.0,0.091,0.0,0.0,105.0,0.058,1260.0,0.4,18.0,0.01,87.0,0.048,0.0,0.0,87.0,1.0
33.833,-81.805,"(33.833, -81.805)",Johnston,SC,SC3,44.6,40.1,48.2,655.0,.5,744.0,0.532,1399.0,1399.0,1.0,966.0,0.69,410.0,0.293,0.0,0.0,0.0,0.0,0.0,0.0,23.0,0.016,0.0,0.0,0.0,0.0,23.0,0.016,0.0,0.0,23.0,1.0
47.622,-122.324,"(47.622, -122.324)",Seattle,WA,WA7,35.1,34.7,35.8,811.0,.7,430.0,0.34600000000000003,1241.0,1221.0,0.9840000000000001,891.0,0.73,25.0,0.02,0.0,0.0,210.0,0.172,0.0,0.0,95.0,0.078,20.0,0.0,0.0,0.0,95.0,0.078,0.0,0.0,95.0,1.0
25.797,-80.208,"(25.797, -80.208)",Miami,FL,FL24,35.2,36.1,34.3,1484.0,.6,1190.0,0.445,2674.0,517.0,0.193,89.0,0.172,394.0,0.762,0.0,0.0,34.0,0.066,0.0,0.0,0.0,0.0,2157.0,0.8,0.0,0.0,0.0,0.0,0.0,0.0,0.0,0.0
36.189,-115.326,"(36.189, -115.326)",Las Vegas,NV,NV3,36.8,42.7,32.9,871.0,.5,858.0,0.496,1729.0,1481.0,0.857,1122.0,0.758,80.0,0.054000000000000006,28.0,0.019,187.0,0.126,0.0,0.0,64.0,0.043000000000000003,248.0,0.1,16.0,0.011000000000000001,48.0,0.032,0.0,0.0,48.0,1.0
34.051,-80.821,"(34.051, -80.821)",Pontiac,SC,SC2,0.0,0.0,0.0,0.0,an,0.0,0.0,0.0,0.0,0.0,0.0,0.0,0.0,0.0,0.0,0.0,0.0,0.0,0.0,0.0,0.0,0.0,0.0,nan,0.0,0.0,0.0,0.0,0.0,0.0,0.0,0.0
32.864,-117.128,"(32.864, -117.128)",San Diego,CA,CA52,21.3,21.4,20.8,3281.0,.7,1284.0,0.281,4565.0,3344.0,0.733,2593.0,0.775,276.0,0.083,88.0,0.026000000000000002,117.0,0.035,3.0,0.001,267.0,0.08000000000000002,1221.0,0.3,27.0,0.008,240.0,0.07200000000000001,0.0,0.0,240.0,1.0
33.884,-117.928,"(33.884, -117.928)",Fullerton,CA,CA39,47.4,47.1,47.5,1281.0,.5,1566.0,0.55,2847.0,2233.0,0.784,1082.0,0.485,58.0,0.026000000000000002,0.0,0.0,1045.0,0.46799999999999997,0.0,0.0,48.0,0.020999999999999998,614.0,0.2,16.0,0.006999999999999999,32.0,0.013999999999999999,0.0,0.0,32.0,1.0
34.176,-118.54,"(34.176, -118.54)",Tarzana,CA,CA30,34.1,34.5,32.8,1488.0,.5,1599.0,0.518,3087.0,1827.0,0.5920000000000001,1294.0,0.708,261.0,0.14300000000000002,0.0,0.0,167.0,0.091,0.0,0.0,105.0,0.058,1260.0,0.4,18.0,0.01,87.0,0.048,0.0,0.0,87.0,1.0
42.082,-78.432,"(42.082, -78.432)",Olean,NY,NY23,49.8,41.0,54.4,377.0,.5,314.0,0.45399999999999996,691.0,691.0,1.0,656.0,0.9490000000000001,0.0,0.0,6.0,0.009000000000000001,0.0,0.0,0.0,0.0,29.0,0.042,0.0,0.0,0.0,0.0,29.0,0.042,0.0,0.0,29.0,1.0
41.839,-87.688,"(41.839, -87.688)",Chicago,IL,IL4,41.6,44.4,41.3,719.0,.6,562.0,0.439,1281.0,262.0,0.205,120.0,0.45799999999999996,65.0,0.248,0.0,0.0,10.0,0.038,0.0,0.0,67.0,0.256,1019.0,0.8,0.0,0.0,67.0,0.256,0.0,0.0,67.0,1.0
30.069,-89.931,"(30.069, -89.931)",New Orleans,LA,LA2,34.9,37.2,34.8,548.0,.5,613.0,0.528,1161.0,1059.0,0.912,42.0,0.04,954.0,0.9009999999999999,0.0,0.0,63.0,0.059000000000000004,0.0,0.0,0.0,0.0,102.0,0.1,0.0,0.0,0.0,0.0,0.0,0.0,0.0,0.0
47.674,-117.416,"(47.674, -117.416)",Spokane,WA,WA5,31.4,30.5,35.6,1362.0,.7,727.0,0.348,2089.0,1755.0,0.84,1214.0,0.6920000000000001,86.0,0.049,188.0,0.107,38.0,0.022000000000000002,0.0,0.0,241.0,0.182,334.0,0.2,0.0,0.0,229.0,0.13,12.0,0.052000000000000005,217.0,0.948
33.423,-111.816,"(33.423, -111.816)",Mesa,AZ,AZ9,35.0,35.6,32.8,933.0,.5,791.0,0.45899999999999996,1724.0,1334.0,0.774,1232.0,0.924,16.0,0.012,36.0,0.027000000000000003,0.0,0.0,0.0,0.0,50.0,0.037000000000000005,390.0,0.2,0.0,0.0,50.0,0.037000000000000005,0.0,0.0,50.0,1.0
30.199,-97.844,"(30.199, -97.844)",Austin,TX,TX25,31.8,31.1,32.5,2244.0,.5,2170.0,0.49200000000000005,4414.0,3048.0,0.691,2216.0,0.727,316.0,0.10400000000000001,0.0,0.0,251.0,0.08199999999999999,0.0,0.0,303.0,0.23,1366.0,0.3,0.0,0.0,265.0,0.087,38.0,0.14300000000000002,227.0,0.857
